PassengerId,Survived,Pclass,Sex,SibSp,Parch,unk_Cabin,Cabin_A,Cabin_B,Cabin_C,Cabin_D,Cabin_E,Cabin_F,Cabin_G,Master,Miss,Mrs,Mr,uncommon,Fare_ranges,qbin_Age1,qbin_Age2,qbin_Age3,qbin_Age4,qbin_SexClass1,qbin_SexClass2,qbin_SexClass3,qbin_SexClass4,Age_ranges
1,0,3,0,1,0,1,0,0,0,0,0,0,0,0,0,0,0,1,0,1,0,0,0,0,0,1,0,3
2,1,1,1,1,0,0,0,0,1,0,0,0,0,0,0,0,1,0,3,0,0,0,1,1,0,0,0,4
3,1,3,1,0,0,1,0,0,0,0,0,0,0,0,0,1,0,0,1,0,1,0,0,0,0,1,0,3
4,1,1,1,1,0,0,0,0,1,0,0,0,0,0,0,0,1,0,3,0,0,1,0,1,0,0,0,4
5,0,3,0,0,0,1,0,0,0,0,0,0,0,0,0,0,0,1,1,0,0,1,0,0,0,0,1,4
6,0,3,0,0,0,1,0,0,0,0,0,0,0,0,0,0,0,1,1,0,1,0,0,0,0,1,0,3
7,0,1,0,0,0,0,0,0,0,0,1,0,0,0,0,0,0,1,3,0,0,0,1,0,1,0,0,4
8,0,3,0,3,1,1,0,0,0,0,0,0,0,0,1,0,0,0,2,1,0,0,0,1,0,0,0,1
9,1,3,1,0,2,1,0,0,0,0,0,0,0,0,0,0,1,0,1,0,1,0,0,0,0,1,0,3
10,1,2,1,1,0,1,0,0,0,0,0,0,0,0,0,0,1,0,2,1,0,0,0,1,0,0,0,2
11,1,3,1,1,1,0,0,0,0,0,0,0,1,0,0,1,0,0,2,1,0,0,0,1,0,0,0,1
12,1,1,1,0,0,0,0,0,1,0,0,0,0,0,0,1,0,0,2,0,0,0,1,0,1,0,0,4
13,0,3,0,0,0,1,0,0,0,0,0,0,0,0,0,0,0,1,1,1,0,0,0,0,1,0,0,3
14,0,3,0,1,5,1,0,0,0,0,0,0,0,0,0,0,0,1,2,0,0,0,1,0,0,0,1,4
15,0,3,1,0,0,1,0,0,0,0,0,0,0,0,0,1,0,0,0,1,0,0,0,0,1,0,0,2
16,1,2,1,0,0,1,0,0,0,0,0,0,0,0,0,0,1,0,2,0,0,0,1,0,0,0,1,4
17,0,3,0,4,1,1,0,0,0,0,0,0,0,0,1,0,0,0,2,1,0,0,0,1,0,0,0,1
18,1,2,0,0,0,1,0,0,0,0,0,0,0,0,0,0,0,1,1,0,1,0,0,0,1,0,0,3
19,0,3,1,1,0,1,0,0,0,0,0,0,0,0,0,0,1,0,2,0,0,1,0,0,0,0,1,3
20,1,3,1,0,0,1,0,0,0,0,0,0,0,0,0,0,1,0,0,0,1,0,0,0,0,1,0,3
21,0,2,0,0,0,1,0,0,0,0,0,0,0,0,0,0,0,1,2,0,0,1,0,0,0,1,0,4
22,1,2,0,0,0,0,0,0,0,1,0,0,0,0,0,0,0,1,1,0,0,1,0,0,0,1,0,4
23,1,3,1,0,0,1,0,0,0,0,0,0,0,0,0,1,0,0,1,1,0,0,0,0,1,0,0,3
24,1,1,0,0,0,0,1,0,0,0,0,0,0,0,0,0,0,1,3,0,1,0,0,1,0,0,0,3
25,0,3,1,3,1,1,0,0,0,0,0,0,0,0,0,1,0,0,2,1,0,0,0,1,0,0,0,2
26,1,3,1,1,5,1,0,0,0,0,0,0,0,0,0,0,1,0,2,0,0,0,1,0,0,0,1,4
27,0,3,0,0,0,1,0,0,0,0,0,0,0,0,0,0,0,1,0,0,1,0,0,0,0,1,0,3
28,0,1,0,3,2,0,0,0,1,0,0,0,0,0,0,0,0,1,4,1,0,0,0,1,0,0,0,3
29,1,3,1,0,0,1,0,0,0,0,0,0,0,0,0,1,0,0,0,0,1,0,0,0,0,1,0,3
30,0,3,0,0,0,1,0,0,0,0,0,0,0,0,0,0,0,1,0,0,1,0,0,0,0,1,0,3
31,0,1,0,0,0,1,0,0,0,0,0,0,0,1,0,0,0,0,2,0,0,0,1,1,0,0,0,4
32,1,1,1,1,0,0,0,1,0,0,0,0,0,0,0,0,1,0,4,0,1,0,0,1,0,0,0,3
33,1,3,1,0,0,1,0,0,0,0,0,0,0,0,0,1,0,0,0,0,1,0,0,0,0,1,0,3
34,0,2,0,0,0,1,0,0,0,0,0,0,0,0,0,0,0,1,1,0,0,0,1,0,0,0,1,4
35,0,1,0,1,0,1,0,0,0,0,0,0,0,0,0,0,0,1,3,0,1,0,0,1,0,0,0,3
36,0,1,0,1,0,1,0,0,0,0,0,0,0,0,0,0,0,1,3,0,0,0,1,0,1,0,0,4
37,1,3,0,0,0,1,0,0,0,0,0,0,0,0,0,0,0,1,0,0,1,0,0,0,0,1,0,3
38,0,3,0,0,0,1,0,0,0,0,0,0,0,0,0,0,0,1,1,1,0,0,0,0,1,0,0,3
39,0,3,1,2,0,1,0,0,0,0,0,0,0,0,0,1,0,0,2,1,0,0,0,0,1,0,0,3
40,1,3,1,1,0,1,0,0,0,0,0,0,0,0,0,1,0,0,1,1,0,0,0,0,1,0,0,2
41,0,3,1,1,0,1,0,0,0,0,0,0,0,0,0,0,1,0,1,0,0,0,1,0,0,0,1,4
42,0,2,1,1,0,1,0,0,0,0,0,0,0,0,0,0,1,0,2,0,1,0,0,0,1,0,0,3
43,0,3,0,0,0,1,0,0,0,0,0,0,0,0,0,0,0,1,0,0,1,0,0,0,0,1,0,3
44,1,2,1,1,2,1,0,0,0,0,0,0,0,0,0,1,0,0,3,1,0,0,0,1,0,0,0,1
45,1,3,1,0,0,1,0,0,0,0,0,0,0,0,0,1,0,0,0,1,0,0,0,0,1,0,0,3
46,0,3,0,0,0,1,0,0,0,0,0,0,0,0,0,0,0,1,1,0,1,0,0,0,0,1,0,3
47,0,3,0,1,0,1,0,0,0,0,0,0,0,0,0,0,0,1,2,0,1,0,0,0,0,1,0,3
48,1,3,1,0,0,1,0,0,0,0,0,0,0,1,0,0,0,0,0,0,1,0,0,0,0,1,0,3
49,0,3,0,2,0,1,0,0,0,0,0,0,0,0,0,0,0,1,2,0,1,0,0,0,0,1,0,3
50,0,3,1,1,0,1,0,0,0,0,0,0,0,0,0,0,1,0,2,1,0,0,0,0,1,0,0,3
51,0,3,0,4,1,1,0,0,0,0,0,0,0,0,1,0,0,0,3,1,0,0,0,1,0,0,0,1
52,0,3,0,0,0,1,0,0,0,0,0,0,0,0,0,0,0,1,0,1,0,0,0,0,1,0,0,3
53,1,1,1,1,0,0,0,0,0,1,0,0,0,0,0,0,1,0,3,0,0,0,1,0,1,0,0,4
54,1,2,1,1,0,1,0,0,0,0,0,0,0,0,0,0,1,0,2,0,1,0,0,0,1,0,0,3
55,0,1,0,0,1,0,0,1,0,0,0,0,0,0,0,0,0,1,3,0,0,0,1,0,0,1,0,4
56,1,1,0,0,0,0,0,0,1,0,0,0,0,0,0,0,0,1,3,0,1,0,0,1,0,0,0,3
57,1,2,1,0,0,1,0,0,0,0,0,0,0,0,0,1,0,0,1,1,0,0,0,0,1,0,0,3
58,0,3,0,0,0,1,0,0,0,0,0,0,0,0,0,0,0,1,0,0,1,0,0,0,0,1,0,3
59,1,2,1,1,2,1,0,0,0,0,0,0,0,0,0,1,0,0,2,1,0,0,0,1,0,0,0,1
60,0,3,0,5,2,1,0,0,0,0,0,0,0,0,1,0,0,0,3,1,0,0,0,1,0,0,0,2
61,0,3,0,0,0,1,0,0,0,0,0,0,0,1,0,0,0,0,0,1,0,0,0,0,0,1,0,3
62,1,1,1,0,0,0,0,1,0,0,0,0,0,0,0,1,0,0,3,0,0,0,1,1,0,0,0,4
63,0,1,0,1,0,0,0,0,1,0,0,0,0,0,0,0,0,1,3,0,0,0,1,0,1,0,0,4
64,0,3,0,3,2,1,0,0,0,0,0,0,0,0,1,0,0,0,2,1,0,0,0,1,0,0,0,1
65,0,1,0,0,0,1,0,0,0,0,0,0,0,0,0,0,0,1,2,0,1,0,0,1,0,0,0,3
66,1,3,0,1,1,1,0,0,0,0,0,0,0,0,1,0,0,0,2,0,1,0,0,0,0,1,0,3
67,1,2,1,0,0,0,0,0,0,0,0,1,0,0,0,0,1,0,1,0,1,0,0,0,1,0,0,3
68,0,3,0,0,0,1,0,0,0,0,0,0,0,0,0,0,0,1,1,1,0,0,0,0,1,0,0,3
69,1,3,1,4,2,1,0,0,0,0,0,0,0,0,0,1,0,0,1,1,0,0,0,0,1,0,0,3
70,0,3,0,2,0,1,0,0,0,0,0,0,0,0,0,0,0,1,1,0,1,0,0,0,0,1,0,3
71,0,2,0,0,0,1,0,0,0,0,0,0,0,0,0,0,0,1,1,0,0,1,0,0,0,1,0,3
72,0,3,1,5,2,1,0,0,0,0,0,0,0,0,0,1,0,0,3,1,0,0,0,0,1,0,0,3
73,0,2,0,0,0,1,0,0,0,0,0,0,0,0,0,0,0,1,3,1,0,0,0,0,1,0,0,3
74,0,3,0,1,0,1,0,0,0,0,0,0,0,0,0,0,0,1,1,0,1,0,0,0,0,1,0,3
75,1,3,0,0,0,1,0,0,0,0,0,0,0,0,0,0,0,1,3,0,0,1,0,0,0,0,1,3
76,0,3,0,0,0,0,0,0,0,0,0,1,0,0,0,0,0,1,0,0,1,0,0,0,0,1,0,3
77,0,3,0,0,0,1,0,0,0,0,0,0,0,0,0,0,0,1,0,0,1,0,0,0,0,1,0,3
78,0,3,0,0,0,1,0,0,0,0,0,0,0,0,0,0,0,1,1,0,1,0,0,0,0,1,0,3
79,1,2,0,0,2,1,0,0,0,0,0,0,0,0,1,0,0,0,2,1,0,0,0,1,0,0,0,1
80,1,3,1,0,0,1,0,0,0,0,0,0,0,0,0,1,0,0,1,0,0,1,0,0,0,0,1,3
81,0,3,0,0,0,1,0,0,0,0,0,0,0,0,0,0,0,1,1,1,0,0,0,0,0,1,0,3
82,1,3,0,0,0,1,0,0,0,0,0,0,0,0,0,0,0,1,1,0,1,0,0,0,0,1,0,3
83,1,3,1,0,0,1,0,0,0,0,0,0,0,0,0,1,0,0,0,0,1,0,0,0,0,1,0,3
84,0,1,0,0,0,1,0,0,0,0,0,0,0,0,0,0,0,1,3,0,1,0,0,1,0,0,0,3
85,1,2,1,0,0,1,0,0,0,0,0,0,0,0,0,1,0,0,1,1,0,0,0,1,0,0,0,3
86,1,3,1,3,0,1,0,0,0,0,0,0,0,0,0,0,1,0,2,0,0,1,0,0,0,0,1,4
87,0,3,0,1,3,1,0,0,0,0,0,0,0,0,0,0,0,1,3,1,0,0,0,0,1,0,0,3
88,0,3,0,0,0,1,0,0,0,0,0,0,0,0,0,0,0,1,1,0,1,0,0,0,0,1,0,3
89,1,1,1,3,2,0,0,0,1,0,0,0,0,0,0,1,0,0,4,0,1,0,0,1,0,0,0,3
90,0,3,0,0,0,1,0,0,0,0,0,0,0,0,0,0,0,1,1,0,1,0,0,0,0,1,0,3
91,0,3,0,0,0,1,0,0,0,0,0,0,0,0,0,0,0,1,1,0,1,0,0,0,0,1,0,3
92,0,3,0,0,0,1,0,0,0,0,0,0,0,0,0,0,0,1,0,1,0,0,0,0,1,0,0,3
93,0,1,0,1,0,0,0,0,0,0,1,0,0,0,0,0,0,1,3,0,0,0,1,0,1,0,0,4
94,0,3,0,1,2,1,0,0,0,0,0,0,0,0,0,0,0,1,2,0,1,0,0,0,0,1,0,3
95,0,3,0,0,0,1,0,0,0,0,0,0,0,0,0,0,0,1,0,0,0,0,1,0,0,0,1,4
96,0,3,0,0,0,1,0,0,0,0,0,0,0,0,0,0,0,1,1,0,1,0,0,0,0,1,0,3
97,0,1,0,0,0,0,1,0,0,0,0,0,0,0,0,0,0,1,3,0,0,0,1,0,0,1,0,4
98,1,1,0,0,1,0,0,0,0,1,0,0,0,0,0,0,0,1,3,0,1,0,0,1,0,0,0,3
99,1,2,1,0,1,1,0,0,0,0,0,0,0,0,0,0,1,0,2,0,0,1,0,0,0,1,0,4
100,0,2,0,1,0,1,0,0,0,0,0,0,0,0,0,0,0,1,2,0,0,1,0,0,0,1,0,4
101,0,3,1,0,0,1,0,0,0,0,0,0,0,0,0,1,0,0,0,0,1,0,0,0,0,1,0,3
102,0,3,0,0,0,1,0,0,0,0,0,0,0,0,0,0,0,1,0,0,1,0,0,0,0,1,0,3
103,0,1,0,0,1,0,0,0,0,1,0,0,0,0,0,0,0,1,3,1,0,0,0,1,0,0,0,3
104,0,3,0,0,0,1,0,0,0,0,0,0,0,0,0,0,0,1,1,0,0,1,0,0,0,0,1,4
105,0,3,0,2,0,1,0,0,0,0,0,0,0,0,0,0,0,1,1,0,0,0,1,0,0,0,1,4
106,0,3,0,0,0,1,0,0,0,0,0,0,0,0,0,0,0,1,0,0,1,0,0,0,0,1,0,3
107,1,3,1,0,0,1,0,0,0,0,0,0,0,0,0,1,0,0,0,1,0,0,0,0,1,0,0,3
108,1,3,0,0,0,1,0,0,0,0,0,0,0,0,0,0,0,1,0,0,1,0,0,0,0,1,0,3
109,0,3,0,0,0,1,0,0,0,0,0,0,0,0,0,0,0,1,0,0,0,0,1,0,0,0,1,4
110,1,3,1,1,0,1,0,0,0,0,0,0,0,0,0,1,0,0,2,0,1,0,0,0,0,1,0,3
111,0,1,0,0,0,0,0,0,1,0,0,0,0,0,0,0,0,1,3,0,0,0,1,0,1,0,0,4
112,0,3,1,1,0,1,0,0,0,0,0,0,0,0,0,1,0,0,1,1,0,0,0,0,1,0,0,2
113,0,3,0,0,0,1,0,0,0,0,0,0,0,0,0,0,0,1,1,1,0,0,0,0,0,1,0,3
114,0,3,1,1,0,1,0,0,0,0,0,0,0,0,0,1,0,0,1,1,0,0,0,0,1,0,0,3
115,0,3,1,0,0,1,0,0,0,0,0,0,0,0,0,1,0,0,1,1,0,0,0,0,1,0,0,3
116,0,3,0,0,0,1,0,0,0,0,0,0,0,0,0,0,0,1,1,1,0,0,0,0,1,0,0,3
117,0,3,0,0,0,1,0,0,0,0,0,0,0,0,0,0,0,1,0,0,0,0,1,0,0,0,1,4
118,0,2,0,1,0,1,0,0,0,0,0,0,0,0,0,0,0,1,2,0,1,0,0,0,1,0,0,3
119,0,1,0,0,1,0,0,1,0,0,0,0,0,0,0,0,0,1,4,0,1,0,0,1,0,0,0,3
120,0,3,1,4,2,1,0,0,0,0,0,0,0,0,0,1,0,0,2,1,0,0,0,1,0,0,0,1
121,0,2,0,2,0,1,0,0,0,0,0,0,0,0,0,0,0,1,3,1,0,0,0,0,1,0,0,3
122,0,3,0,0,0,1,0,0,0,0,0,0,0,0,0,0,0,1,1,0,1,0,0,0,0,1,0,3
123,0,2,0,1,0,1,0,0,0,0,0,0,0,0,0,0,0,1,2,0,0,1,0,0,0,1,0,4
124,1,2,1,0,0,0,0,0,0,0,1,0,0,0,0,1,0,0,1,0,0,1,0,0,0,1,0,4
125,0,1,0,0,1,0,0,0,0,1,0,0,0,0,0,0,0,1,3,0,0,0,1,0,1,0,0,4
126,1,3,0,1,0,1,0,0,0,0,0,0,0,0,1,0,0,0,1,1,0,0,0,1,0,0,0,2
127,0,3,0,0,0,1,0,0,0,0,0,0,0,0,0,0,0,1,0,0,1,0,0,0,0,1,0,3
128,1,3,0,0,0,1,0,0,0,0,0,0,0,0,0,0,0,1,0,0,1,0,0,0,0,1,0,3
129,1,3,1,1,1,0,0,0,0,0,0,1,0,0,0,1,0,0,2,0,1,0,0,0,0,1,0,3
130,0,3,0,0,0,1,0,0,0,0,0,0,0,0,0,0,0,1,0,0,0,0,1,0,0,0,1,4
131,0,3,0,0,0,1,0,0,0,0,0,0,0,1,0,0,0,0,0,0,0,1,0,0,0,0,1,4
132,0,3,0,0,0,1,0,0,0,0,0,0,0,0,0,0,0,1,0,1,0,0,0,0,1,0,0,3
133,0,3,1,1,0,1,0,0,0,0,0,0,0,0,0,0,1,0,1,0,0,0,1,0,0,0,1,4
134,1,2,1,1,0,1,0,0,0,0,0,0,0,0,0,0,1,0,2,0,1,0,0,0,1,0,0,3
135,0,2,0,0,0,1,0,0,0,0,0,0,0,0,0,0,0,1,1,0,1,0,0,0,1,0,0,3
136,0,2,0,0,0,1,0,0,0,0,0,0,0,0,0,0,0,1,2,0,1,0,0,0,1,0,0,3
137,1,1,1,0,2,0,0,0,0,1,0,0,0,0,0,1,0,0,2,1,0,0,0,1,0,0,0,3
138,0,1,0,1,0,0,0,0,1,0,0,0,0,0,0,0,0,1,3,0,0,0,1,1,0,0,0,4
139,0,3,0,0,0,1,0,0,0,0,0,0,0,0,0,0,0,1,1,1,0,0,0,0,1,0,0,3
140,0,1,0,0,0,0,0,1,0,0,0,0,0,0,0,0,0,1,3,0,1,0,0,1,0,0,0,3
141,0,3,1,0,2,1,0,0,0,0,0,0,0,0,0,0,1,0,2,0,1,0,0,0,0,1,0,3
142,1,3,1,0,0,1,0,0,0,0,0,0,0,0,0,1,0,0,0,1,0,0,0,0,0,1,0,3
143,1,3,1,1,0,1,0,0,0,0,0,0,0,0,0,0,1,0,2,0,1,0,0,0,0,1,0,3
144,0,3,0,0,0,1,0,0,0,0,0,0,0,0,0,0,0,1,0,1,0,0,0,0,1,0,0,3
145,0,2,0,0,0,1,0,0,0,0,0,0,0,0,0,0,0,1,1,1,0,0,0,1,0,0,0,3
146,0,2,0,1,1,1,0,0,0,0,0,0,0,0,0,0,0,1,3,1,0,0,0,1,0,0,0,3
147,1,3,0,0,0,1,0,0,0,0,0,0,0,0,0,0,0,1,0,0,1,0,0,0,0,1,0,3
148,0,3,1,2,2,1,0,0,0,0,0,0,0,0,0,1,0,0,3,1,0,0,0,1,0,0,0,2
149,0,2,0,0,2,0,0,0,0,0,0,1,0,0,0,0,0,1,2,0,0,0,1,0,0,1,0,4
150,0,2,0,0,0,1,0,0,0,0,0,0,0,1,0,0,0,0,1,0,0,0,1,0,0,1,0,4
151,0,2,0,0,0,1,0,0,0,0,0,0,0,1,0,0,0,0,1,0,0,0,1,0,0,0,1,4
152,1,1,1,1,0,0,0,0,1,0,0,0,0,0,0,0,1,0,3,1,0,0,0,1,0,0,0,3
153,0,3,0,0,0,1,0,0,0,0,0,0,0,0,0,0,0,1,1,0,0,0,1,0,0,0,1,4
154,0,3,0,0,2,1,0,0,0,0,0,0,0,0,0,0,0,1,1,0,0,0,1,0,0,0,1,4
155,0,3,0,0,0,1,0,0,0,0,0,0,0,0,0,0,0,1,0,0,1,0,0,0,0,1,0,3
156,0,1,0,0,1,1,0,0,0,0,0,0,0,0,0,0,0,1,3,0,0,0,1,0,1,0,0,4
157,1,3,1,0,0,1,0,0,0,0,0,0,0,0,0,1,0,0,0,1,0,0,0,0,1,0,0,3
158,0,3,0,0,0,1,0,0,0,0,0,0,0,0,0,0,0,1,1,0,0,1,0,0,0,0,1,3
159,0,3,0,0,0,1,0,0,0,0,0,0,0,0,0,0,0,1,1,0,1,0,0,0,0,1,0,3
160,0,3,0,8,2,1,0,0,0,0,0,0,0,0,1,0,0,0,3,0,1,0,0,0,0,1,0,3
161,0,3,0,0,1,1,0,0,0,0,0,0,0,0,0,0,0,1,2,0,0,0,1,0,0,0,1,4
162,1,2,1,0,0,1,0,0,0,0,0,0,0,0,0,0,1,0,2,0,0,0,1,0,0,1,0,4
163,0,3,0,0,0,1,0,0,0,0,0,0,0,0,0,0,0,1,0,0,1,0,0,0,0,1,0,3
164,0,3,0,0,0,1,0,0,0,0,0,0,0,0,0,0,0,1,1,1,0,0,0,0,1,0,0,3
165,0,3,0,4,1,1,0,0,0,0,0,0,0,0,1,0,0,0,3,1,0,0,0,1,0,0,0,1
166,1,3,0,0,2,1,0,0,0,0,0,0,0,0,1,0,0,0,2,1,0,0,0,1,0,0,0,2
167,1,1,1,0,1,0,0,0,0,0,1,0,0,0,0,0,1,0,3,0,1,0,0,1,0,0,0,3
168,0,3,1,1,4,1,0,0,0,0,0,0,0,0,0,0,1,0,2,0,0,0,1,0,0,0,1,4
169,0,1,0,0,0,1,0,0,0,0,0,0,0,0,0,0,0,1,2,0,1,0,0,1,0,0,0,3
170,0,3,0,0,0,1,0,0,0,0,0,0,0,0,0,0,0,1,3,0,1,0,0,0,0,1,0,3
171,0,1,0,0,0,0,0,1,0,0,0,0,0,0,0,0,0,1,3,0,0,0,1,0,1,0,0,4
172,0,3,0,4,1,1,0,0,0,0,0,0,0,0,1,0,0,0,2,1,0,0,0,1,0,0,0,1
173,1,3,1,1,1,1,0,0,0,0,0,0,0,0,0,1,0,0,1,1,0,0,0,1,0,0,0,1
174,0,3,0,0,0,1,0,0,0,0,0,0,0,0,0,0,0,1,1,1,0,0,0,0,1,0,0,3
175,0,1,0,0,0,0,1,0,0,0,0,0,0,0,0,0,0,1,2,0,0,0,1,0,1,0,0,4
176,0,3,0,1,1,1,0,0,0,0,0,0,0,0,0,0,0,1,0,1,0,0,0,0,1,0,0,3
177,0,3,0,3,1,1,0,0,0,0,0,0,0,0,1,0,0,0,2,0,1,0,0,0,0,1,0,3
178,0,1,1,0,0,0,0,0,1,0,0,0,0,0,0,1,0,0,2,0,0,0,1,0,1,0,0,4
179,0,2,0,0,0,1,0,0,0,0,0,0,0,0,0,0,0,1,1,0,0,1,0,0,1,0,0,3
180,0,3,0,0,0,1,0,0,0,0,0,0,0,0,0,0,0,1,0,0,0,0,1,0,0,0,1,4
181,0,3,1,8,2,1,0,0,0,0,0,0,0,0,0,1,0,0,3,0,1,0,0,0,0,1,0,3
182,0,2,0,0,0,1,0,0,0,0,0,0,0,0,0,0,0,1,2,0,1,0,0,0,1,0,0,3
183,0,3,0,4,2,1,0,0,0,0,0,0,0,0,1,0,0,0,2,1,0,0,0,1,0,0,0,2
184,1,2,0,2,1,0,0,0,0,0,0,1,0,0,1,0,0,0,3,1,0,0,0,1,0,0,0,1
185,1,3,1,0,2,1,0,0,0,0,0,0,0,0,0,1,0,0,2,1,0,0,0,1,0,0,0,1
186,0,1,0,0,0,0,1,0,0,0,0,0,0,0,0,0,0,1,3,0,1,0,0,1,0,0,0,3
187,1,3,1,1,0,1,0,0,0,0,0,0,0,0,0,0,1,0,2,0,1,0,0,0,0,1,0,3
188,1,1,0,0,0,1,0,0,0,0,0,0,0,0,0,0,0,1,2,0,0,0,1,0,1,0,0,4
189,0,3,0,1,1,1,0,0,0,0,0,0,0,0,0,0,0,1,2,0,0,0,1,0,0,0,1,4
190,0,3,0,0,0,1,0,0,0,0,0,0,0,0,0,0,0,1,0,0,0,0,1,0,0,0,1,4
191,1,2,1,0,0,1,0,0,0,0,0,0,0,0,0,0,1,0,1,0,0,1,0,0,0,1,0,3
192,0,2,0,0,0,1,0,0,0,0,0,0,0,0,0,0,0,1,1,1,0,0,0,1,0,0,0,3
193,1,3,1,1,0,1,0,0,0,0,0,0,0,0,0,1,0,0,0,1,0,0,0,0,1,0,0,3
194,1,2,0,1,1,0,0,0,0,0,0,1,0,0,1,0,0,0,2,1,0,0,0,1,0,0,0,1
195,1,1,1,0,0,0,0,1,0,0,0,0,0,0,0,0,1,0,2,0,0,0,1,0,1,0,0,4
196,1,1,1,0,0,0,0,1,0,0,0,0,0,0,0,1,0,0,4,0,0,0,1,0,1,0,0,4
197,0,3,0,0,0,1,0,0,0,0,0,0,0,0,0,0,0,1,0,0,1,0,0,0,0,1,0,3
198,0,3,0,0,1,1,0,0,0,0,0,0,0,0,0,0,0,1,1,0,0,0,1,0,0,0,1,4
199,1,3,1,0,0,1,0,0,0,0,0,0,0,0,0,1,0,0,0,0,1,0,0,0,0,1,0,3
200,0,2,1,0,0,1,0,0,0,0,0,0,0,0,0,1,0,0,1,0,1,0,0,0,1,0,0,3
201,0,3,0,0,0,1,0,0,0,0,0,0,0,0,0,0,0,1,1,0,1,0,0,0,0,1,0,3
202,0,3,0,8,2,1,0,0,0,0,0,0,0,0,0,0,0,1,3,0,1,0,0,0,0,1,0,3
203,0,3,0,0,0,1,0,0,0,0,0,0,0,0,0,0,0,1,0,0,0,1,0,0,0,0,1,4
204,0,3,0,0,0,1,0,0,0,0,0,0,0,0,0,0,0,1,0,0,0,0,1,0,0,0,1,4
205,1,3,0,0,0,1,0,0,0,0,0,0,0,0,0,0,0,1,1,1,0,0,0,0,1,0,0,3
206,0,3,1,0,1,0,0,0,0,0,0,0,1,0,0,1,0,0,1,1,0,0,0,1,0,0,0,1
207,0,3,0,1,0,1,0,0,0,0,0,0,0,0,0,0,0,1,2,0,0,1,0,0,0,0,1,3
208,1,3,0,0,0,1,0,0,0,0,0,0,0,0,0,0,0,1,2,0,1,0,0,0,0,1,0,3
209,1,3,1,0,0,1,0,0,0,0,0,0,0,0,0,1,0,0,0,1,0,0,0,0,1,0,0,3
210,1,1,0,0,0,0,1,0,0,0,0,0,0,0,0,0,0,1,2,0,0,0,1,1,0,0,0,4
211,0,3,0,0,0,1,0,0,0,0,0,0,0,0,0,0,0,1,0,0,1,0,0,0,0,1,0,3
212,1,2,1,0,0,1,0,0,0,0,0,0,0,0,0,1,0,0,2,0,0,1,0,0,0,1,0,4
213,0,3,0,0,0,1,0,0,0,0,0,0,0,0,0,0,0,1,0,1,0,0,0,0,0,1,0,3
214,0,2,0,0,0,1,0,0,0,0,0,0,0,0,0,0,0,1,1,0,0,1,0,0,1,0,0,3
215,0,3,0,1,0,1,0,0,0,0,0,0,0,0,0,0,0,1,0,0,1,0,0,0,0,1,0,3
216,1,1,1,1,0,0,0,0,0,1,0,0,0,0,0,1,0,0,4,0,0,1,0,1,0,0,0,3
217,1,3,1,0,0,1,0,0,0,0,0,0,0,0,0,1,0,0,1,0,1,0,0,0,0,1,0,3
218,0,2,0,1,0,1,0,0,0,0,0,0,0,0,0,0,0,1,2,0,0,0,1,0,0,1,0,4
219,1,1,1,0,0,0,0,0,0,1,0,0,0,0,0,1,0,0,3,0,0,1,0,1,0,0,0,3
220,0,2,0,0,0,1,0,0,0,0,0,0,0,0,0,0,0,1,1,0,0,1,0,0,1,0,0,3
221,1,3,0,0,0,1,0,0,0,0,0,0,0,0,0,0,0,1,1,1,0,0,0,0,1,0,0,3
222,0,2,0,0,0,1,0,0,0,0,0,0,0,0,0,0,0,1,1,0,1,0,0,0,1,0,0,3
223,0,3,0,0,0,1,0,0,0,0,0,0,0,0,0,0,0,1,1,0,0,0,1,0,0,0,1,4
224,0,3,0,0,0,1,0,0,0,0,0,0,0,0,0,0,0,1,0,0,1,0,0,0,0,1,0,3
225,1,1,0,1,0,0,0,0,1,0,0,0,0,0,0,0,0,1,3,0,0,0,1,1,0,0,0,4
226,0,3,0,0,0,1,0,0,0,0,0,0,0,0,0,0,0,1,1,1,0,0,0,0,0,1,0,3
227,1,2,0,0,0,1,0,0,0,0,0,0,0,0,0,0,0,1,1,1,0,0,0,1,0,0,0,3
228,0,3,0,0,0,1,0,0,0,0,0,0,0,0,0,0,0,1,0,1,0,0,0,0,1,0,0,3
229,0,2,0,0,0,1,0,0,0,0,0,0,0,0,0,0,0,1,1,1,0,0,0,1,0,0,0,3
230,0,3,1,3,1,1,0,0,0,0,0,0,0,0,0,1,0,0,2,0,1,0,0,0,0,1,0,3
231,1,1,1,1,0,0,0,0,1,0,0,0,0,0,0,0,1,0,3,0,0,1,0,1,0,0,0,4
232,0,3,0,0,0,1,0,0,0,0,0,0,0,0,0,0,0,1,0,0,1,0,0,0,0,1,0,3
233,0,2,0,0,0,1,0,0,0,0,0,0,0,0,0,0,0,1,1,0,0,0,1,0,0,0,1,4
234,1,3,1,4,2,1,0,0,0,0,0,0,0,0,0,1,0,0,2,1,0,0,0,1,0,0,0,1
235,0,2,0,0,0,1,0,0,0,0,0,0,0,0,0,0,0,1,1,0,1,0,0,0,1,0,0,3
236,0,3,1,0,0,1,0,0,0,0,0,0,0,0,0,1,0,0,0,0,1,0,0,0,0,1,0,3
237,0,2,0,1,0,1,0,0,0,0,0,0,0,0,0,0,0,1,2,0,0,0,1,0,0,1,0,4
238,1,2,1,0,2,1,0,0,0,0,0,0,0,1,0,0,0,0,2,1,0,0,0,1,0,0,0,2
239,0,2,0,0,0,1,0,0,0,0,0,0,0,0,0,0,0,1,1,1,0,0,0,1,0,0,0,3
240,0,2,0,0,0,1,0,0,0,0,0,0,0,0,0,0,0,1,1,0,0,1,0,0,0,1,0,4
241,0,3,1,1,0,1,0,0,0,0,0,0,0,0,0,1,0,0,1,0,1,0,0,0,0,1,0,3
242,1,3,1,1,0,1,0,0,0,0,0,0,0,0,0,1,0,0,2,0,1,0,0,0,0,1,0,3
243,0,2,0,0,0,1,0,0,0,0,0,0,0,1,0,0,0,0,1,0,1,0,0,0,1,0,0,3
244,0,3,0,0,0,1,0,0,0,0,0,0,0,0,0,0,0,1,0,1,0,0,0,0,0,1,0,3
245,0,3,0,0,0,1,0,0,0,0,0,0,0,0,0,0,0,1,0,0,0,1,0,0,0,0,1,3
246,0,1,0,2,0,0,0,0,1,0,0,0,0,1,0,0,0,0,3,0,0,0,1,0,1,0,0,4
247,0,3,1,0,0,1,0,0,0,0,0,0,0,0,0,1,0,0,0,0,1,0,0,0,0,1,0,3
248,1,2,1,0,2,1,0,0,0,0,0,0,0,0,0,0,1,0,1,0,1,0,0,0,1,0,0,3
249,1,1,0,1,1,0,0,0,0,1,0,0,0,0,0,0,0,1,3,0,0,0,1,1,0,0,0,4
250,0,2,0,1,0,1,0,0,0,0,0,0,0,1,0,0,0,0,2,0,0,0,1,0,0,0,1,4
251,0,3,0,0,0,1,0,0,0,0,0,0,0,0,0,0,0,1,0,0,1,0,0,0,0,1,0,3
252,0,3,1,1,1,0,0,0,0,0,0,0,1,0,0,0,1,0,1,0,1,0,0,0,0,1,0,3
253,0,1,0,0,0,0,0,0,1,0,0,0,0,0,0,0,0,1,2,0,0,0,1,0,1,0,0,4
254,0,3,0,1,0,1,0,0,0,0,0,0,0,0,0,0,0,1,2,0,0,1,0,0,0,0,1,3
255,0,3,1,0,2,1,0,0,0,0,0,0,0,0,0,0,1,0,2,0,0,0,1,0,0,0,1,4
256,1,3,1,0,2,1,0,0,0,0,0,0,0,0,0,0,1,0,2,0,1,0,0,0,0,1,0,3
257,1,1,1,0,0,1,0,0,0,0,0,0,0,0,0,0,1,0,3,0,1,0,0,1,0,0,0,3
258,1,1,1,0,0,0,0,1,0,0,0,0,0,0,0,1,0,0,3,0,0,1,0,1,0,0,0,3
259,1,1,1,0,0,1,0,0,0,0,0,0,0,0,0,1,0,0,4,0,0,1,0,1,0,0,0,4
260,1,2,1,0,1,1,0,0,0,0,0,0,0,0,0,0,1,0,2,0,0,0,1,0,0,0,1,4
261,0,3,0,0,0,1,0,0,0,0,0,0,0,0,0,0,0,1,0,0,1,0,0,0,0,1,0,3
262,1,3,0,4,2,1,0,0,0,0,0,0,0,0,1,0,0,0,2,1,0,0,0,1,0,0,0,1
263,0,1,0,1,1,0,0,0,0,0,1,0,0,0,0,0,0,1,3,0,0,0,1,0,1,0,0,4
264,0,1,0,0,0,0,0,1,0,0,0,0,0,0,0,0,0,1,0,0,0,0,1,1,0,0,0,4
265,0,3,1,0,0,1,0,0,0,0,0,0,0,0,0,1,0,0,0,0,1,0,0,0,0,1,0,3
266,0,2,0,0,0,1,0,0,0,0,0,0,0,0,0,0,0,1,1,0,0,0,1,0,0,1,0,4
267,0,3,0,4,1,1,0,0,0,0,0,0,0,0,0,0,0,1,3,1,0,0,0,0,1,0,0,3
268,1,3,0,1,0,1,0,0,0,0,0,0,0,0,0,0,0,1,0,0,1,0,0,0,0,1,0,3
269,1,1,1,0,1,0,0,0,1,0,0,0,0,0,0,0,1,0,4,0,0,0,1,0,1,0,0,4
270,1,1,1,0,0,0,0,0,1,0,0,0,0,0,0,1,0,0,4,0,0,1,0,1,0,0,0,4
271,0,1,0,0,0,1,0,0,0,0,0,0,0,0,0,0,0,1,2,0,1,0,0,1,0,0,0,3
272,1,3,0,0,0,1,0,0,0,0,0,0,0,0,0,0,0,1,0,0,1,0,0,0,0,1,0,3
273,1,2,1,0,1,1,0,0,0,0,0,0,0,0,0,0,1,0,2,0,0,0,1,0,0,1,0,4
274,0,1,0,0,1,0,0,0,1,0,0,0,0,0,0,0,0,1,2,0,0,0,1,1,0,0,0,4
275,1,3,1,0,0,1,0,0,0,0,0,0,0,0,0,1,0,0,0,0,1,0,0,0,0,1,0,3
276,1,1,1,1,0,0,0,0,0,1,0,0,0,0,0,1,0,0,3,0,0,0,1,0,1,0,0,4
277,0,3,1,0,0,1,0,0,0,0,0,0,0,0,0,1,0,0,0,0,0,0,1,0,0,0,1,4
278,0,2,0,0,0,1,0,0,0,0,0,0,0,0,0,0,0,1,0,0,1,0,0,0,1,0,0,3
279,0,3,0,4,1,1,0,0,0,0,0,0,0,0,1,0,0,0,2,1,0,0,0,1,0,0,0,1
280,1,3,1,1,1,1,0,0,0,0,0,0,0,0,0,0,1,0,2,0,0,1,0,0,0,0,1,4
281,0,3,0,0,0,1,0,0,0,0,0,0,0,0,0,0,0,1,0,0,0,0,1,0,0,0,1,4
282,0,3,0,0,0,1,0,0,0,0,0,0,0,0,0,0,0,1,0,0,1,0,0,0,0,1,0,3
283,0,3,0,0,0,1,0,0,0,0,0,0,0,0,0,0,0,1,1,1,0,0,0,0,1,0,0,3
284,1,3,0,0,0,1,0,0,0,0,0,0,0,0,0,0,0,1,1,1,0,0,0,0,1,0,0,3
285,0,1,0,0,0,0,1,0,0,0,0,0,0,0,0,0,0,1,2,0,1,0,0,1,0,0,0,3
286,0,3,0,0,0,1,0,0,0,0,0,0,0,0,0,0,0,1,1,0,0,1,0,0,0,0,1,4
287,1,3,0,0,0,1,0,0,0,0,0,0,0,0,0,0,0,1,1,0,0,1,0,0,0,0,1,3
288,0,3,0,0,0,1,0,0,0,0,0,0,0,0,0,0,0,1,0,1,0,0,0,0,0,1,0,3
289,1,2,0,0,0,1,0,0,0,0,0,0,0,0,0,0,0,1,1,0,0,0,1,0,0,1,0,4
290,1,3,1,0,0,1,0,0,0,0,0,0,0,0,0,1,0,0,0,1,0,0,0,0,0,1,0,3
291,1,1,1,0,0,1,0,0,0,0,0,0,0,0,0,1,0,0,3,0,1,0,0,1,0,0,0,3
292,1,1,1,1,0,0,0,1,0,0,0,0,0,0,0,0,1,0,3,1,0,0,0,1,0,0,0,3
293,0,2,0,0,0,0,0,0,0,1,0,0,0,0,0,0,0,1,1,0,0,0,1,0,0,1,0,4
294,0,3,1,0,0,1,0,0,0,0,0,0,0,0,0,1,0,0,1,0,1,0,0,0,0,1,0,3
295,0,3,0,0,0,1,0,0,0,0,0,0,0,0,0,0,0,1,0,0,1,0,0,0,0,1,0,3
296,0,1,0,0,0,1,0,0,0,0,0,0,0,0,0,0,0,1,2,0,1,0,0,1,0,0,0,3
297,0,3,0,0,0,1,0,0,0,0,0,0,0,0,0,0,0,1,0,0,1,0,0,0,0,1,0,3
298,0,1,1,1,2,0,0,0,1,0,0,0,0,0,0,1,0,0,4,1,0,0,0,1,0,0,0,1
299,1,1,0,0,0,0,0,0,1,0,0,0,0,0,0,0,0,1,2,0,1,0,0,1,0,0,0,3
300,1,1,1,0,1,0,0,1,0,0,0,0,0,0,0,0,1,0,4,0,0,0,1,0,1,0,0,4
301,1,3,1,0,0,1,0,0,0,0,0,0,0,0,0,1,0,0,0,0,1,0,0,0,0,1,0,3
302,1,3,0,2,0,1,0,0,0,0,0,0,0,0,0,0,0,1,2,0,1,0,0,0,0,1,0,3
303,0,3,0,0,0,1,0,0,0,0,0,0,0,0,0,0,0,1,0,1,0,0,0,0,1,0,0,3
304,1,2,1,0,0,0,0,0,0,0,1,0,0,0,0,1,0,0,1,0,1,0,0,0,1,0,0,3
305,0,3,0,0,0,1,0,0,0,0,0,0,0,0,0,0,0,1,1,0,1,0,0,0,0,1,0,3
306,1,1,0,1,2,0,0,0,1,0,0,0,0,0,1,0,0,0,4,1,0,0,0,1,0,0,0,1
307,1,1,1,0,0,1,0,0,0,0,0,0,0,0,0,1,0,0,4,0,1,0,0,1,0,0,0,3
308,1,1,1,1,0,0,0,0,1,0,0,0,0,0,0,0,1,0,4,1,0,0,0,1,0,0,0,3
309,0,2,0,1,0,1,0,0,0,0,0,0,0,0,0,0,0,1,2,0,0,1,0,0,1,0,0,3
310,1,1,1,0,0,0,0,0,0,0,1,0,0,0,0,1,0,0,3,0,0,1,0,1,0,0,0,3
311,1,1,1,0,0,0,0,0,1,0,0,0,0,0,0,1,0,0,3,0,1,0,0,1,0,0,0,3
312,1,1,1,2,2,0,0,1,0,0,0,0,0,0,0,1,0,0,4,1,0,0,0,1,0,0,0,3
313,0,2,1,1,1,1,0,0,0,0,0,0,0,0,0,0,1,0,2,0,1,0,0,0,1,0,0,3
314,0,3,0,0,0,1,0,0,0,0,0,0,0,0,0,0,0,1,0,0,1,0,0,0,0,1,0,3
315,0,2,0,1,1,1,0,0,0,0,0,0,0,0,0,0,0,1,2,0,0,0,1,0,0,1,0,4
316,1,3,1,0,0,1,0,0,0,0,0,0,0,0,0,1,0,0,0,0,1,0,0,0,0,1,0,3
317,1,2,1,1,0,1,0,0,0,0,0,0,0,0,0,0,1,0,2,0,1,0,0,0,1,0,0,3
318,0,2,0,0,0,1,0,0,0,0,0,0,0,1,0,0,0,0,1,0,0,0,1,0,0,0,1,4
319,1,1,1,0,2,0,0,0,1,0,0,0,0,0,0,1,0,0,4,0,0,1,0,1,0,0,0,3
320,1,1,1,1,1,0,0,0,0,0,1,0,0,0,0,0,1,0,4,0,0,0,1,1,0,0,0,4
321,0,3,0,0,0,1,0,0,0,0,0,0,0,0,0,0,0,1,0,1,0,0,0,0,0,1,0,3
322,0,3,0,0,0,1,0,0,0,0,0,0,0,0,0,0,0,1,0,0,1,0,0,0,0,1,0,3
323,1,2,1,0,0,1,0,0,0,0,0,0,0,0,0,1,0,0,1,0,0,1,0,0,1,0,0,3
324,1,2,1,1,1,1,0,0,0,0,0,0,0,0,0,0,1,0,2,1,0,0,0,0,1,0,0,3
325,0,3,0,8,2,1,0,0,0,0,0,0,0,0,0,0,0,1,3,0,1,0,0,0,0,1,0,3
326,1,1,1,0,0,0,0,0,1,0,0,0,0,0,0,1,0,0,4,0,0,0,1,1,0,0,0,4
327,0,3,0,0,0,1,0,0,0,0,0,0,0,0,0,0,0,1,0,0,0,0,1,0,0,0,1,4
328,1,2,1,0,0,0,0,0,0,1,0,0,0,0,0,0,1,0,1,0,0,0,1,0,0,1,0,4
329,1,3,1,1,1,1,0,0,0,0,0,0,0,0,0,0,1,0,2,0,0,1,0,0,0,0,1,3
330,1,1,1,0,1,0,0,1,0,0,0,0,0,0,0,1,0,0,3,1,0,0,0,1,0,0,0,3
331,1,3,1,2,0,1,0,0,0,0,0,0,0,0,0,1,0,0,2,0,1,0,0,0,0,1,0,3
332,0,1,0,0,0,0,0,0,1,0,0,0,0,0,0,0,0,1,2,0,0,0,1,0,1,0,0,4
333,0,1,0,0,1,0,0,0,1,0,0,0,0,0,0,0,0,1,4,0,0,0,1,1,0,0,0,4
334,0,3,0,2,0,1,0,0,0,0,0,0,0,0,0,0,0,1,2,1,0,0,0,0,1,0,0,3
335,1,1,1,1,0,1,0,0,0,0,0,0,0,0,0,0,1,0,4,0,1,0,0,1,0,0,0,3
336,0,3,0,0,0,1,0,0,0,0,0,0,0,0,0,0,0,1,0,0,1,0,0,0,0,1,0,3
337,0,1,0,1,0,0,0,0,1,0,0,0,0,0,0,0,0,1,3,0,1,0,0,1,0,0,0,3
338,1,1,1,0,0,0,0,0,0,0,1,0,0,0,0,1,0,0,4,0,0,0,1,0,1,0,0,4
339,1,3,0,0,0,1,0,0,0,0,0,0,0,0,0,0,0,1,1,0,0,0,1,0,0,0,1,4
340,0,1,0,0,0,0,0,0,0,0,0,0,0,0,0,0,0,1,3,0,0,0,1,0,1,0,0,4
341,1,2,0,1,1,0,0,0,0,0,0,1,0,0,1,0,0,0,2,1,0,0,0,1,0,0,0,1
342,1,1,1,3,2,0,0,0,1,0,0,0,0,0,0,1,0,0,4,0,1,0,0,1,0,0,0,3
343,0,2,0,0,0,1,0,0,0,0,0,0,0,1,0,0,0,0,1,0,1,0,0,0,1,0,0,3
344,0,2,0,0,0,1,0,0,0,0,0,0,0,0,0,0,0,1,1,0,1,0,0,0,1,0,0,3
345,0,2,0,0,0,1,0,0,0,0,0,0,0,0,0,0,0,1,1,0,0,0,1,0,0,1,0,4
346,1,2,1,0,0,0,0,0,0,0,0,1,0,0,0,1,0,0,1,0,1,0,0,0,1,0,0,3
347,1,2,1,0,0,1,0,0,0,0,0,0,0,0,0,1,0,0,1,0,0,0,1,0,0,1,0,4
348,1,3,1,1,0,1,0,0,0,0,0,0,0,0,0,0,1,0,2,0,1,0,0,0,0,1,0,3
349,1,3,0,1,1,1,0,0,0,0,0,0,0,0,1,0,0,0,2,1,0,0,0,1,0,0,0,1
350,0,3,0,0,0,1,0,0,0,0,0,0,0,0,0,0,0,1,1,0,0,0,1,0,0,0,1,4
351,0,3,0,0,0,1,0,0,0,0,0,0,0,0,0,0,0,1,1,0,1,0,0,0,0,1,0,3
352,0,1,0,0,0,0,0,0,1,0,0,0,0,0,0,0,0,1,3,0,1,0,0,1,0,0,0,3
353,0,3,0,1,1,1,0,0,0,0,0,0,0,0,0,0,0,1,0,1,0,0,0,0,1,0,0,3
354,0,3,0,1,0,1,0,0,0,0,0,0,0,0,0,0,0,1,2,0,1,0,0,0,0,1,0,3
355,0,3,0,0,0,1,0,0,0,0,0,0,0,0,0,0,0,1,0,0,1,0,0,0,0,1,0,3
356,0,3,0,0,0,1,0,0,0,0,0,0,0,0,0,0,0,1,1,0,1,0,0,0,0,1,0,3
357,1,1,1,0,1,0,0,0,0,0,1,0,0,0,0,1,0,0,3,1,0,0,0,1,0,0,0,3
358,0,2,1,0,0,1,0,0,0,0,0,0,0,0,0,1,0,0,1,0,0,0,1,0,0,1,0,4
359,1,3,1,0,0,1,0,0,0,0,0,0,0,0,0,1,0,0,0,0,1,0,0,0,0,1,0,3
360,1,3,1,0,0,1,0,0,0,0,0,0,0,0,0,1,0,0,0,0,1,0,0,0,0,1,0,3
361,0,3,0,1,4,1,0,0,0,0,0,0,0,0,0,0,0,1,2,0,0,0,1,0,0,0,1,4
362,0,2,0,1,0,1,0,0,0,0,0,0,0,0,0,0,0,1,2,0,1,0,0,0,1,0,0,3
363,0,3,1,0,1,1,0,0,0,0,0,0,0,0,0,0,1,0,1,0,0,0,1,0,0,0,1,4
364,0,3,0,0,0,1,0,0,0,0,0,0,0,0,0,0,0,1,0,0,0,1,0,0,0,0,1,4
365,0,3,0,1,0,1,0,0,0,0,0,0,0,0,0,0,0,1,2,0,1,0,0,0,0,1,0,3
366,0,3,0,0,0,1,0,0,0,0,0,0,0,0,0,0,0,1,0,0,0,1,0,0,0,0,1,3
367,1,1,1,1,0,0,0,0,0,1,0,0,0,0,0,0,1,0,3,0,0,0,1,0,1,0,0,4
368,1,3,1,0,0,1,0,0,0,0,0,0,0,0,0,0,1,0,0,0,1,0,0,0,0,1,0,3
369,1,3,1,0,0,1,0,0,0,0,0,0,0,0,0,1,0,0,0,0,1,0,0,0,0,1,0,3
370,1,1,1,0,0,0,0,1,0,0,0,0,0,0,0,0,1,0,3,0,1,0,0,1,0,0,0,3
371,1,1,0,1,0,0,0,0,0,0,1,0,0,0,0,0,0,1,3,0,1,0,0,1,0,0,0,3
372,0,3,0,1,0,1,0,0,0,0,0,0,0,0,0,0,0,1,0,1,0,0,0,0,1,0,0,3
373,0,3,0,0,0,1,0,0,0,0,0,0,0,0,0,0,0,1,1,1,0,0,0,0,1,0,0,3
374,0,1,0,0,0,1,0,0,0,0,0,0,0,0,0,0,0,1,4,1,0,0,0,1,0,0,0,3
375,0,3,1,3,1,1,0,0,0,0,0,0,0,0,0,1,0,0,2,1,0,0,0,1,0,0,0,1
376,1,1,1,1,0,1,0,0,0,0,0,0,0,0,0,0,1,0,3,0,1,0,0,1,0,0,0,3
377,1,3,1,0,0,1,0,0,0,0,0,0,0,0,0,1,0,0,0,1,0,0,0,0,0,1,0,3
378,0,1,0,0,2,0,0,0,1,0,0,0,0,0,0,0,0,1,4,0,1,0,0,1,0,0,0,3
379,0,3,0,0,0,1,0,0,0,0,0,0,0,0,0,0,0,1,0,1,0,0,0,0,1,0,0,3
380,0,3,0,0,0,1,0,0,0,0,0,0,0,0,0,0,0,1,0,1,0,0,0,0,1,0,0,3
381,1,1,1,0,0,1,0,0,0,0,0,0,0,0,0,1,0,0,4,0,0,0,1,0,1,0,0,4
382,1,3,1,0,2,1,0,0,0,0,0,0,0,0,0,1,0,0,2,1,0,0,0,1,0,0,0,1
383,0,3,0,0,0,1,0,0,0,0,0,0,0,0,0,0,0,1,1,0,0,1,0,0,0,0,1,3
384,1,1,1,1,0,1,0,0,0,0,0,0,0,0,0,0,1,0,3,0,0,1,0,1,0,0,0,4
385,0,3,0,0,0,1,0,0,0,0,0,0,0,0,0,0,0,1,0,0,1,0,0,0,0,1,0,3
386,0,2,0,0,0,1,0,0,0,0,0,0,0,0,0,0,0,1,3,1,0,0,0,1,0,0,0,3
387,0,3,0,5,2,1,0,0,0,0,0,0,0,0,1,0,0,0,3,1,0,0,0,1,0,0,0,1
388,1,2,1,0,0,1,0,0,0,0,0,0,0,0,0,1,0,0,1,0,0,0,1,0,0,1,0,4
389,0,3,0,0,0,1,0,0,0,0,0,0,0,0,0,0,0,1,0,0,1,0,0,0,0,1,0,3
390,1,2,1,0,0,1,0,0,0,0,0,0,0,0,0,1,0,0,1,1,0,0,0,1,0,0,0,3
391,1,1,0,1,2,0,0,1,0,0,0,0,0,0,0,0,0,1,4,0,0,0,1,1,0,0,0,4
392,1,3,0,0,0,1,0,0,0,0,0,0,0,0,0,0,0,1,0,1,0,0,0,0,1,0,0,3
393,0,3,0,2,0,1,0,0,0,0,0,0,0,0,0,0,0,1,1,0,1,0,0,0,0,1,0,3
394,1,1,1,1,0,0,0,0,0,1,0,0,0,0,0,1,0,0,4,0,1,0,0,1,0,0,0,3
395,1,3,1,0,2,0,0,0,0,0,0,0,1,0,0,0,1,0,2,0,1,0,0,0,0,1,0,3
396,0,3,0,0,0,1,0,0,0,0,0,0,0,0,0,0,0,1,0,1,0,0,0,0,0,1,0,3
397,0,3,1,0,0,1,0,0,0,0,0,0,0,0,0,1,0,0,0,0,0,1,0,0,0,0,1,3
398,0,2,0,0,0,1,0,0,0,0,0,0,0,0,0,0,0,1,2,0,0,0,1,0,0,0,1,4
399,0,2,0,0,0,1,0,0,0,0,0,0,0,1,0,0,0,0,1,0,1,0,0,0,1,0,0,3
400,1,2,1,0,0,1,0,0,0,0,0,0,0,0,0,0,1,0,1,0,1,0,0,0,1,0,0,3
401,1,3,0,0,0,1,0,0,0,0,0,0,0,0,0,0,0,1,1,0,0,0,1,0,0,0,1,4
402,0,3,0,0,0,1,0,0,0,0,0,0,0,0,0,0,0,1,1,0,1,0,0,0,0,1,0,3
403,0,3,1,1,0,1,0,0,0,0,0,0,0,0,0,1,0,0,1,1,0,0,0,0,1,0,0,3
404,0,3,0,1,0,1,0,0,0,0,0,0,0,0,0,0,0,1,2,0,1,0,0,0,0,1,0,3
405,0,3,1,0,0,1,0,0,0,0,0,0,0,0,0,1,0,0,1,1,0,0,0,0,1,0,0,3
406,0,2,0,1,0,1,0,0,0,0,0,0,0,0,0,0,0,1,2,0,0,1,0,0,0,1,0,4
407,0,3,0,0,0,1,0,0,0,0,0,0,0,0,0,0,0,1,0,0,0,0,1,0,0,0,1,4
408,1,2,0,1,1,1,0,0,0,0,0,0,0,0,1,0,0,0,2,1,0,0,0,1,0,0,0,1
409,0,3,0,0,0,1,0,0,0,0,0,0,0,0,0,0,0,1,0,1,0,0,0,0,1,0,0,3
410,0,3,1,3,1,1,0,0,0,0,0,0,0,0,0,1,0,0,2,0,1,0,0,0,0,1,0,3
411,0,3,0,0,0,1,0,0,0,0,0,0,0,0,0,0,0,1,0,0,1,0,0,0,0,1,0,3
412,0,3,0,0,0,1,0,0,0,0,0,0,0,0,0,0,0,1,0,0,1,0,0,0,0,1,0,3
413,1,1,1,1,0,0,0,0,1,0,0,0,0,0,0,1,0,0,3,0,0,1,0,1,0,0,0,4
414,0,2,0,0,0,1,0,0,0,0,0,0,0,0,0,0,0,1,0,0,1,0,0,0,1,0,0,3
415,1,3,0,0,0,1,0,0,0,0,0,0,0,0,0,0,0,1,1,0,0,0,1,0,0,0,1,4
416,0,3,1,0,0,1,0,0,0,0,0,0,0,0,0,0,1,0,1,0,1,0,0,0,0,1,0,3
417,1,2,1,1,1,1,0,0,0,0,0,0,0,1,0,0,0,0,3,0,0,1,0,0,0,1,0,4
418,1,2,1,0,2,1,0,0,0,0,0,0,0,0,0,1,0,0,1,1,0,0,0,1,0,0,0,3
419,0,2,0,0,0,1,0,0,0,0,0,0,0,0,0,0,0,1,1,0,0,1,0,0,1,0,0,3
420,0,3,1,0,2,1,0,0,0,0,0,0,0,0,0,1,0,0,2,1,0,0,0,1,0,0,0,2
421,0,3,0,0,0,1,0,0,0,0,0,0,0,0,0,0,0,1,0,0,1,0,0,0,0,1,0,3
422,0,3,0,0,0,1,0,0,0,0,0,0,0,0,0,0,0,1,0,1,0,0,0,0,1,0,0,3
423,0,3,0,0,0,1,0,0,0,0,0,0,0,0,0,0,0,1,0,0,1,0,0,0,0,1,0,3
424,0,3,1,1,1,1,0,0,0,0,0,0,0,0,0,0,1,0,1,0,1,0,0,0,0,1,0,3
425,0,3,0,1,1,1,0,0,0,0,0,0,0,0,0,0,0,1,2,1,0,0,0,0,1,0,0,3
426,0,3,0,0,0,1,0,0,0,0,0,0,0,0,0,0,0,1,0,0,1,0,0,0,0,1,0,3
427,1,2,1,1,0,1,0,0,0,0,0,0,0,0,0,0,1,0,2,0,1,0,0,0,1,0,0,3
428,1,2,1,0,0,1,0,0,0,0,0,0,0,0,0,1,0,0,2,1,0,0,0,1,0,0,0,3
429,0,3,0,0,0,1,0,0,0,0,0,0,0,0,0,0,0,1,0,0,1,0,0,0,0,1,0,3
430,1,3,0,0,0,0,0,0,0,0,1,0,0,0,0,0,0,1,1,0,0,1,0,0,0,0,1,3
431,1,1,0,0,0,0,0,0,1,0,0,0,0,0,0,0,0,1,2,0,1,0,0,1,0,0,0,3
432,1,3,1,1,0,1,0,0,0,0,0,0,0,0,0,0,1,0,2,0,1,0,0,0,0,1,0,3
433,1,2,1,1,0,1,0,0,0,0,0,0,0,0,0,0,1,0,2,0,0,0,1,0,0,1,0,4
434,0,3,0,0,0,1,0,0,0,0,0,0,0,0,0,0,0,1,0,1,0,0,0,0,1,0,0,3
435,0,1,0,1,0,0,0,0,0,0,1,0,0,0,0,0,0,1,3,0,0,0,1,0,1,0,0,4
436,1,1,1,1,2,0,0,1,0,0,0,0,0,0,0,1,0,0,4,1,0,0,0,1,0,0,0,2
437,0,3,1,2,2,1,0,0,0,0,0,0,0,0,0,1,0,0,3,1,0,0,0,0,1,0,0,3
438,1,2,1,2,3,1,0,0,0,0,0,0,0,0,0,0,1,0,2,0,1,0,0,0,1,0,0,3
439,0,1,0,1,4,0,0,0,1,0,0,0,0,0,0,0,0,1,4,0,0,0,1,0,0,1,0,4
440,0,2,0,0,0,1,0,0,0,0,0,0,0,0,0,0,0,1,1,0,0,1,0,0,1,0,0,3
441,1,2,1,1,1,1,0,0,0,0,0,0,0,0,0,0,1,0,2,0,0,0,1,0,0,0,1,4
442,0,3,0,0,0,1,0,0,0,0,0,0,0,0,0,0,0,1,1,1,0,0,0,0,1,0,0,3
443,0,3,0,1,0,1,0,0,0,0,0,0,0,0,0,0,0,1,0,0,1,0,0,0,0,1,0,3
444,1,2,1,0,0,1,0,0,0,0,0,0,0,0,0,1,0,0,1,0,1,0,0,0,1,0,0,3
445,1,3,0,0,0,1,0,0,0,0,0,0,0,0,0,0,0,1,1,0,1,0,0,0,0,1,0,3
446,1,1,0,0,2,0,1,0,0,0,0,0,0,0,1,0,0,0,3,1,0,0,0,1,0,0,0,1
447,1,2,1,0,1,1,0,0,0,0,0,0,0,0,0,1,0,0,2,1,0,0,0,1,0,0,0,2
448,1,1,0,0,0,1,0,0,0,0,0,0,0,0,0,0,0,1,2,0,0,1,0,1,0,0,0,4
449,1,3,1,2,1,1,0,0,0,0,0,0,0,0,0,1,0,0,2,1,0,0,0,1,0,0,0,1
450,1,1,0,0,0,0,0,0,1,0,0,0,0,1,0,0,0,0,2,0,0,0,1,0,1,0,0,4
451,0,2,0,1,2,1,0,0,0,0,0,0,0,0,0,0,0,1,2,0,0,0,1,0,0,1,0,4
452,0,3,0,1,0,1,0,0,0,0,0,0,0,0,0,0,0,1,2,0,1,0,0,0,0,1,0,3
453,0,1,0,0,0,0,0,0,1,0,0,0,0,0,0,0,0,1,2,0,0,1,0,1,0,0,0,3
454,1,1,0,1,0,0,0,0,1,0,0,0,0,0,0,0,0,1,3,0,0,0,1,0,1,0,0,4
455,0,3,0,0,0,1,0,0,0,0,0,0,0,0,0,0,0,1,1,0,1,0,0,0,0,1,0,3
456,1,3,0,0,0,1,0,0,0,0,0,0,0,0,0,0,0,1,0,0,1,0,0,0,0,1,0,3
457,0,1,0,0,0,0,0,0,0,0,1,0,0,0,0,0,0,1,2,0,0,0,1,0,0,1,0,4
458,1,1,1,1,0,0,0,0,0,1,0,0,0,0,0,0,1,0,3,0,1,0,0,1,0,0,0,3
459,1,2,1,0,0,1,0,0,0,0,0,0,0,0,0,1,0,0,1,0,0,0,1,0,0,0,1,4
460,0,3,0,0,0,1,0,0,0,0,0,0,0,0,0,0,0,1,0,0,1,0,0,0,0,1,0,3
461,1,1,0,0,0,0,0,0,0,0,1,0,0,0,0,0,0,1,2,0,0,0,1,0,1,0,0,4
462,0,3,0,0,0,1,0,0,0,0,0,0,0,0,0,0,0,1,1,0,0,1,0,0,0,0,1,4
463,0,1,0,0,0,0,0,0,0,0,1,0,0,0,0,0,0,1,3,0,0,0,1,0,1,0,0,4
464,0,2,0,0,0,1,0,0,0,0,0,0,0,0,0,0,0,1,1,0,0,0,1,0,0,0,1,4
465,0,3,0,0,0,1,0,0,0,0,0,0,0,0,0,0,0,1,1,0,1,0,0,0,0,1,0,3
466,0,3,0,0,0,1,0,0,0,0,0,0,0,0,0,0,0,1,0,0,0,0,1,0,0,0,1,4
467,0,2,0,0,0,1,0,0,0,0,0,0,0,0,0,0,0,1,0,0,1,0,0,0,1,0,0,3
468,0,1,0,0,0,1,0,0,0,0,0,0,0,0,0,0,0,1,2,0,0,0,1,0,1,0,0,4
469,0,3,0,0,0,1,0,0,0,0,0,0,0,0,0,0,0,1,0,0,1,0,0,0,0,1,0,3
470,1,3,1,2,1,1,0,0,0,0,0,0,0,0,0,1,0,0,2,1,0,0,0,1,0,0,0,1
471,0,3,0,0,0,1,0,0,0,0,0,0,0,0,0,0,0,1,0,0,1,0,0,0,0,1,0,3
472,0,3,0,0,0,1,0,0,0,0,0,0,0,0,0,0,0,1,1,0,0,0,1,0,0,0,1,4
473,1,2,1,1,2,1,0,0,0,0,0,0,0,0,0,0,1,0,2,0,0,1,0,0,0,1,0,4
474,1,2,1,0,0,0,0,0,0,1,0,0,0,0,0,0,1,0,1,0,1,0,0,0,1,0,0,3
475,0,3,1,0,0,1,0,0,0,0,0,0,0,0,0,1,0,0,1,1,0,0,0,0,0,1,0,3
476,0,1,0,0,0,0,1,0,0,0,0,0,0,0,0,0,0,1,3,0,1,0,0,1,0,0,0,3
477,0,2,0,1,0,1,0,0,0,0,0,0,0,0,0,0,0,1,2,0,0,1,0,0,0,1,0,4
478,0,3,0,1,0,1,0,0,0,0,0,0,0,0,0,0,0,1,0,0,1,0,0,0,0,1,0,3
479,0,3,0,0,0,1,0,0,0,0,0,0,0,0,0,0,0,1,0,1,0,0,0,0,0,1,0,3
480,1,3,1,0,1,1,0,0,0,0,0,0,0,0,0,1,0,0,1,1,0,0,0,1,0,0,0,1
481,0,3,0,5,2,1,0,0,0,0,0,0,0,0,1,0,0,0,3,1,0,0,0,1,0,0,0,2
482,0,2,0,0,0,1,0,0,0,0,0,0,0,0,0,0,0,1,0,0,1,0,0,0,1,0,0,3
483,0,3,0,0,0,1,0,0,0,0,0,0,0,0,0,0,0,1,1,0,0,0,1,0,0,0,1,4
484,1,3,1,0,0,1,0,0,0,0,0,0,0,0,0,0,1,0,1,0,0,0,1,0,0,0,1,4
485,1,1,0,1,0,0,0,1,0,0,0,0,0,0,0,0,0,1,3,0,1,0,0,1,0,0,0,3
486,0,3,1,3,1,1,0,0,0,0,0,0,0,0,0,1,0,0,2,0,1,0,0,0,0,1,0,3
487,1,1,1,1,0,0,0,0,1,0,0,0,0,0,0,0,1,0,3,0,0,1,0,1,0,0,0,4
488,0,1,0,0,0,0,0,1,0,0,0,0,0,0,0,0,0,1,2,0,0,0,1,0,1,0,0,4
489,0,3,0,0,0,1,0,0,0,0,0,0,0,0,0,0,0,1,1,0,0,1,0,0,0,0,1,3
490,1,3,0,1,1,1,0,0,0,0,0,0,0,0,1,0,0,0,2,1,0,0,0,1,0,0,0,2
491,0,3,0,1,0,1,0,0,0,0,0,0,0,0,0,0,0,1,2,0,1,0,0,0,0,1,0,3
492,0,3,0,0,0,1,0,0,0,0,0,0,0,0,0,0,0,1,0,1,0,0,0,0,1,0,0,3
493,0,1,0,0,0,0,0,0,1,0,0,0,0,0,0,0,0,1,2,0,0,0,1,0,1,0,0,4
494,0,1,0,0,0,1,0,0,0,0,0,0,0,0,0,0,0,1,3,0,0,0,1,0,0,1,0,4
495,0,3,0,0,0,1,0,0,0,0,0,0,0,0,0,0,0,1,1,1,0,0,0,0,1,0,0,3
496,0,3,0,0,0,1,0,0,0,0,0,0,0,0,0,0,0,1,1,0,1,0,0,0,0,1,0,3
497,1,1,1,1,0,0,0,0,0,1,0,0,0,0,0,1,0,0,3,0,0,0,1,0,1,0,0,4
498,0,3,0,0,0,1,0,0,0,0,0,0,0,0,0,0,0,1,2,0,1,0,0,0,0,1,0,3
499,0,1,1,1,2,0,0,0,1,0,0,0,0,0,0,0,1,0,4,0,1,0,0,1,0,0,0,3
500,0,3,0,0,0,1,0,0,0,0,0,0,0,0,0,0,0,1,0,0,1,0,0,0,0,1,0,3
501,0,3,0,0,0,1,0,0,0,0,0,0,0,0,0,0,0,1,1,1,0,0,0,0,1,0,0,3
502,0,3,1,0,0,1,0,0,0,0,0,0,0,0,0,1,0,0,0,1,0,0,0,0,1,0,0,3
503,0,3,1,0,0,1,0,0,0,0,0,0,0,0,0,1,0,0,0,0,1,0,0,0,0,1,0,3
504,0,3,1,0,0,1,0,0,0,0,0,0,0,0,0,1,0,0,1,0,0,0,1,0,0,0,1,4
505,1,1,1,0,0,0,0,1,0,0,0,0,0,0,0,1,0,0,3,1,0,0,0,1,0,0,0,3
506,0,1,0,1,0,0,0,0,1,0,0,0,0,0,0,0,0,1,4,1,0,0,0,1,0,0,0,3
507,1,2,1,0,2,1,0,0,0,0,0,0,0,0,0,0,1,0,2,0,0,1,0,0,0,1,0,4
508,1,1,0,0,0,1,0,0,0,0,0,0,0,0,0,0,0,1,2,0,1,0,0,1,0,0,0,3
509,0,3,0,0,0,1,0,0,0,0,0,0,0,0,0,0,0,1,2,0,1,0,0,0,0,1,0,3
510,1,3,0,0,0,1,0,0,0,0,0,0,0,0,0,0,0,1,3,0,1,0,0,0,0,1,0,3
511,1,3,0,0,0,1,0,0,0,0,0,0,0,0,0,0,0,1,0,0,1,0,0,0,0,1,0,3
512,0,3,0,0,0,1,0,0,0,0,0,0,0,0,0,0,0,1,1,0,1,0,0,0,0,1,0,3
513,1,1,0,0,0,0,0,0,0,0,1,0,0,0,0,0,0,1,2,0,0,0,1,1,0,0,0,4
514,1,1,1,1,0,1,0,0,0,0,0,0,0,0,0,0,1,0,3,0,0,0,1,0,1,0,0,4
515,0,3,0,0,0,1,0,0,0,0,0,0,0,1,0,0,0,0,0,0,1,0,0,0,0,1,0,3
516,0,1,0,0,0,0,0,0,0,1,0,0,0,0,0,0,0,1,3,0,0,0,1,0,1,0,0,4
517,1,2,1,0,0,0,0,0,0,0,0,1,0,0,0,0,1,0,1,0,0,1,0,0,0,1,0,4
518,0,3,0,0,0,1,0,0,0,0,0,0,0,0,0,0,0,1,2,0,1,0,0,0,0,1,0,3
519,1,2,1,1,0,1,0,0,0,0,0,0,0,0,0,0,1,0,2,0,0,0,1,0,0,1,0,4
520,0,3,0,0,0,1,0,0,0,0,0,0,0,0,0,0,0,1,0,0,0,1,0,0,0,0,1,3
521,1,1,1,0,0,0,0,1,0,0,0,0,0,0,0,1,0,0,3,0,0,1,0,1,0,0,0,3
522,0,3,0,0,0,1,0,0,0,0,0,0,0,0,0,0,0,1,0,1,0,0,0,0,0,1,0,3
523,0,3,0,0,0,1,0,0,0,0,0,0,0,0,0,0,0,1,0,0,1,0,0,0,0,1,0,3
524,1,1,1,0,1,0,0,1,0,0,0,0,0,0,0,0,1,0,3,0,0,0,1,0,1,0,0,4
525,0,3,0,0,0,1,0,0,0,0,0,0,0,0,0,0,0,1,0,0,1,0,0,0,0,1,0,3
526,0,3,0,0,0,1,0,0,0,0,0,0,0,0,0,0,0,1,0,0,0,0,1,0,0,0,1,4
527,1,2,1,0,0,1,0,0,0,0,0,0,0,0,0,1,0,0,1,0,0,0,1,0,0,0,1,4
528,0,1,0,0,0,0,0,0,1,0,0,0,0,0,0,0,0,1,4,0,1,0,0,1,0,0,0,3
529,0,3,0,0,0,1,0,0,0,0,0,0,0,0,0,0,0,1,1,0,0,0,1,0,0,0,1,4
530,0,2,0,2,1,1,0,0,0,0,0,0,0,0,0,0,0,1,1,0,1,0,0,0,1,0,0,3
531,1,2,1,1,1,1,0,0,0,0,0,0,0,0,0,1,0,0,2,1,0,0,0,1,0,0,0,1
532,0,3,0,0,0,1,0,0,0,0,0,0,0,0,0,0,0,1,0,0,1,0,0,0,0,1,0,3
533,0,3,0,1,1,1,0,0,0,0,0,0,0,0,0,0,0,1,0,1,0,0,0,0,1,0,0,3
534,1,3,1,0,2,1,0,0,0,0,0,0,0,0,0,0,1,0,2,0,1,0,0,0,0,1,0,3
535,0,3,1,0,0,1,0,0,0,0,0,0,0,0,0,1,0,0,1,0,0,1,0,0,0,0,1,3
536,1,2,1,0,2,1,0,0,0,0,0,0,0,0,0,1,0,0,2,1,0,0,0,1,0,0,0,1
537,0,1,0,0,0,0,0,1,0,0,0,0,0,1,0,0,0,0,2,0,0,0,1,0,1,0,0,4
538,1,1,1,0,0,1,0,0,0,0,0,0,0,0,0,1,0,0,4,0,0,1,0,1,0,0,0,3
539,0,3,0,0,0,1,0,0,0,0,0,0,0,0,0,0,0,1,1,0,1,0,0,0,0,1,0,3
540,1,1,1,0,2,0,0,1,0,0,0,0,0,0,0,1,0,0,3,1,0,0,0,1,0,0,0,3
541,1,1,1,0,2,0,0,1,0,0,0,0,0,0,0,1,0,0,3,0,0,0,1,1,0,0,0,4
542,0,3,1,4,2,1,0,0,0,0,0,0,0,0,0,1,0,0,2,1,0,0,0,1,0,0,0,2
543,0,3,1,4,2,1,0,0,0,0,0,0,0,0,0,1,0,0,2,1,0,0,0,1,0,0,0,2
544,1,2,0,1,0,1,0,0,0,0,0,0,0,0,0,0,0,1,2,0,0,1,0,0,0,1,0,3
545,0,1,0,1,0,0,0,0,1,0,0,0,0,1,0,0,0,0,4,0,0,0,1,0,1,0,0,4
546,0,1,0,0,0,1,0,0,0,0,0,0,0,0,0,0,0,1,2,0,0,0,1,0,0,1,0,4
547,1,2,1,1,0,1,0,0,0,0,0,0,0,0,0,0,1,0,2,1,0,0,0,1,0,0,0,3
548,1,2,0,0,0,1,0,0,0,0,0,0,0,0,0,0,0,1,1,0,1,0,0,0,1,0,0,3
549,0,3,0,1,1,1,0,0,0,0,0,0,0,0,0,0,0,1,2,0,0,1,0,0,0,0,1,4
550,1,2,0,1,1,1,0,0,0,0,0,0,0,0,1,0,0,0,3,1,0,0,0,1,0,0,0,2
551,1,1,0,0,2,0,0,0,1,0,0,0,0,0,0,0,0,1,4,1,0,0,0,1,0,0,0,3
552,0,2,0,0,0,1,0,0,0,0,0,0,0,0,0,0,0,1,2,0,1,0,0,0,1,0,0,3
553,0,3,0,0,0,1,0,0,0,0,0,0,0,0,0,0,0,1,0,0,1,0,0,0,0,1,0,3
554,1,3,0,0,0,1,0,0,0,0,0,0,0,0,0,0,0,1,0,1,0,0,0,0,0,1,0,3
555,1,3,1,0,0,1,0,0,0,0,0,0,0,0,0,1,0,0,0,1,0,0,0,0,0,1,0,3
556,0,1,0,0,0,1,0,0,0,0,0,0,0,0,0,0,0,1,2,0,0,0,1,0,1,0,0,4
557,1,1,1,1,0,0,1,0,0,0,0,0,0,1,0,0,0,0,3,0,0,0,1,0,1,0,0,4
558,0,1,0,0,0,1,0,0,0,0,0,0,0,0,0,0,0,1,4,0,1,0,0,1,0,0,0,3
559,1,1,1,1,1,0,0,0,0,0,1,0,0,0,0,0,1,0,3,0,0,0,1,1,0,0,0,4
560,1,3,1,1,0,1,0,0,0,0,0,0,0,0,0,0,1,0,2,0,0,0,1,0,0,0,1,4
561,0,3,0,0,0,1,0,0,0,0,0,0,0,0,0,0,0,1,0,0,1,0,0,0,0,1,0,3
562,0,3,0,0,0,1,0,0,0,0,0,0,0,0,0,0,0,1,0,0,0,0,1,0,0,0,1,4
563,0,2,0,0,0,1,0,0,0,0,0,0,0,0,0,0,0,1,1,0,1,0,0,0,1,0,0,3
564,0,3,0,0,0,1,0,0,0,0,0,0,0,0,0,0,0,1,1,0,1,0,0,0,0,1,0,3
565,0,3,1,0,0,1,0,0,0,0,0,0,0,0,0,1,0,0,1,0,1,0,0,0,0,1,0,3
566,0,3,0,2,0,1,0,0,0,0,0,0,0,0,0,0,0,1,2,0,1,0,0,0,0,1,0,3
567,0,3,0,0,0,1,0,0,0,0,0,0,0,0,0,0,0,1,0,1,0,0,0,0,1,0,0,3
568,0,3,1,0,4,1,0,0,0,0,0,0,0,0,0,0,1,0,2,0,1,0,0,0,0,1,0,3
569,0,3,0,0,0,1,0,0,0,0,0,0,0,0,0,0,0,1,0,0,1,0,0,0,0,1,0,3
570,1,3,0,0,0,1,0,0,0,0,0,0,0,0,0,0,0,1,0,0,0,1,0,0,0,0,1,3
571,1,2,0,0,0,1,0,0,0,0,0,0,0,0,0,0,0,1,1,0,0,0,1,0,0,0,1,4
572,1,1,1,2,0,0,0,0,1,0,0,0,0,0,0,0,1,0,3,0,0,0,1,0,1,0,0,4
573,1,1,0,0,0,0,0,0,0,0,1,0,0,0,0,0,0,1,2,0,0,0,1,1,0,0,0,4
574,1,3,1,0,0,1,0,0,0,0,0,0,0,0,0,1,0,0,0,0,1,0,0,0,0,1,0,3
575,0,3,0,0,0,1,0,0,0,0,0,0,0,0,0,0,0,1,1,1,0,0,0,0,1,0,0,3
576,0,3,0,0,0,1,0,0,0,0,0,0,0,0,0,0,0,1,1,1,0,0,0,0,1,0,0,3
577,1,2,1,0,0,1,0,0,0,0,0,0,0,0,0,1,0,0,1,0,0,1,0,0,0,1,0,4
578,1,1,1,1,0,0,0,0,0,0,1,0,0,0,0,0,1,0,3,0,0,0,1,1,0,0,0,4
579,0,3,1,1,0,1,0,0,0,0,0,0,0,0,0,0,1,0,1,0,1,0,0,0,0,1,0,3
580,1,3,0,0,0,1,0,0,0,0,0,0,0,0,0,0,0,1,1,0,0,1,0,0,0,0,1,3
581,1,2,1,1,1,1,0,0,0,0,0,0,0,0,0,1,0,0,2,0,1,0,0,0,1,0,0,3
582,1,1,1,1,1,0,0,0,1,0,0,0,0,0,0,0,1,0,4,0,0,0,1,1,0,0,0,4
583,0,2,0,0,0,1,0,0,0,0,0,0,0,0,0,0,0,1,2,0,0,0,1,0,0,0,1,4
584,0,1,0,0,0,0,1,0,0,0,0,0,0,0,0,0,0,1,3,0,0,0,1,1,0,0,0,4
585,0,3,0,0,0,1,0,0,0,0,0,0,0,0,0,0,0,1,1,0,1,0,0,0,0,1,0,3
586,1,1,1,0,2,0,0,0,0,0,1,0,0,0,0,1,0,0,3,1,0,0,0,1,0,0,0,3
587,0,2,0,0,0,1,0,0,0,0,0,0,0,0,0,0,0,1,2,0,0,0,1,0,0,0,1,4
588,1,1,0,1,1,0,0,1,0,0,0,0,0,0,0,0,0,1,3,0,0,0,1,0,1,0,0,4
589,0,3,0,0,0,1,0,0,0,0,0,0,0,0,0,0,0,1,1,1,0,0,0,0,0,1,0,3
590,0,3,0,0,0,1,0,0,0,0,0,0,0,0,0,0,0,1,1,0,1,0,0,0,0,1,0,3
591,0,3,0,0,0,1,0,0,0,0,0,0,0,0,0,0,0,1,0,0,0,1,0,0,0,0,1,4
592,1,1,1,1,0,0,0,0,0,1,0,0,0,0,0,0,1,0,3,0,0,0,1,0,1,0,0,4
593,0,3,0,0,0,1,0,0,0,0,0,0,0,0,0,0,0,1,0,0,0,0,1,0,0,0,1,4
594,0,3,1,0,2,1,0,0,0,0,0,0,0,0,0,1,0,0,0,0,1,0,0,0,0,1,0,3
595,0,2,0,1,0,1,0,0,0,0,0,0,0,0,0,0,0,1,2,0,0,0,1,0,0,1,0,4
596,0,3,0,1,1,1,0,0,0,0,0,0,0,0,0,0,0,1,2,0,0,0,1,0,0,0,1,4
597,1,2,1,0,0,1,0,0,0,0,0,0,0,0,0,1,0,0,3,0,1,0,0,0,1,0,0,3
598,0,3,0,0,0,1,0,0,0,0,0,0,0,0,0,0,0,1,0,0,0,0,1,0,0,0,1,4
599,0,3,0,0,0,1,0,0,0,0,0,0,0,0,0,0,0,1,0,0,1,0,0,0,0,1,0,3
600,1,1,0,1,0,0,1,0,0,0,0,0,0,1,0,0,0,0,3,0,0,0,1,0,1,0,0,4
601,1,2,1,2,1,1,0,0,0,0,0,0,0,0,0,0,1,0,2,0,1,0,0,0,1,0,0,3
602,0,3,0,0,0,1,0,0,0,0,0,0,0,0,0,0,0,1,0,0,1,0,0,0,0,1,0,3
603,0,1,0,0,0,1,0,0,0,0,0,0,0,0,0,0,0,1,3,0,1,0,0,1,0,0,0,3
604,0,3,0,0,0,1,0,0,0,0,0,0,0,0,0,0,0,1,1,0,0,0,1,0,0,0,1,4
605,1,1,0,0,0,1,0,0,0,0,0,0,0,0,0,0,0,1,2,0,0,1,0,1,0,0,0,4
606,0,3,0,1,0,1,0,0,0,0,0,0,0,0,0,0,0,1,2,0,0,0,1,0,0,0,1,4
607,0,3,0,0,0,1,0,0,0,0,0,0,0,0,0,0,0,1,0,0,0,1,0,0,0,0,1,3
608,1,1,0,0,0,1,0,0,0,0,0,0,0,0,0,0,0,1,2,0,1,0,0,1,0,0,0,3
609,1,2,1,1,2,1,0,0,0,0,0,0,0,0,0,0,1,0,3,1,0,0,0,0,1,0,0,3
610,1,1,1,0,0,0,0,0,1,0,0,0,0,0,0,1,0,0,4,0,0,0,1,1,0,0,0,4
611,0,3,1,1,5,1,0,0,0,0,0,0,0,0,0,0,1,0,2,0,0,0,1,0,0,0,1,4
612,0,3,0,0,0,1,0,0,0,0,0,0,0,0,0,0,0,1,0,0,1,0,0,0,0,1,0,3
613,1,3,1,1,0,1,0,0,0,0,0,0,0,0,0,1,0,0,2,0,1,0,0,0,0,1,0,3
614,0,3,0,0,0,1,0,0,0,0,0,0,0,0,0,0,0,1,0,0,1,0,0,0,0,1,0,3
615,0,3,0,0,0,1,0,0,0,0,0,0,0,0,0,0,0,1,1,0,0,1,0,0,0,0,1,4
616,1,2,1,1,2,1,0,0,0,0,0,0,0,0,0,1,0,0,3,0,1,0,0,0,1,0,0,3
617,0,3,0,1,1,1,0,0,0,0,0,0,0,0,0,0,0,1,1,0,0,1,0,0,0,0,1,4
618,0,3,1,1,0,1,0,0,0,0,0,0,0,0,0,0,1,0,2,0,1,0,0,0,0,1,0,3
619,1,2,1,2,1,0,0,0,0,0,0,1,0,0,0,1,0,0,3,1,0,0,0,1,0,0,0,1
620,0,2,0,0,0,1,0,0,0,0,0,0,0,0,0,0,0,1,1,0,1,0,0,0,1,0,0,3
621,0,3,0,1,0,1,0,0,0,0,0,0,0,0,0,0,0,1,1,0,1,0,0,0,0,1,0,3
622,1,1,0,1,0,0,0,0,0,1,0,0,0,0,0,0,0,1,3,0,0,0,1,0,1,0,0,4
623,1,3,0,1,1,1,0,0,0,0,0,0,0,0,0,0,0,1,2,1,0,0,0,0,1,0,0,3
624,0,3,0,0,0,1,0,0,0,0,0,0,0,0,0,0,0,1,0,1,0,0,0,0,1,0,0,3
625,0,3,0,0,0,1,0,0,0,0,0,0,0,0,0,0,0,1,2,1,0,0,0,0,1,0,0,3
626,0,1,0,0,0,0,0,0,0,1,0,0,0,0,0,0,0,1,3,0,0,0,1,0,1,0,0,4
627,0,2,0,0,0,1,0,0,0,0,0,0,0,1,0,0,0,0,1,0,0,0,1,0,0,0,1,4
628,1,1,1,0,0,0,0,0,0,1,0,0,0,0,0,1,0,0,3,1,0,0,0,1,0,0,0,3
629,0,3,0,0,0,1,0,0,0,0,0,0,0,0,0,0,0,1,0,0,1,0,0,0,0,1,0,3
630,0,3,0,0,0,1,0,0,0,0,0,0,0,0,0,0,0,1,0,0,1,0,0,0,0,1,0,3
631,1,1,0,0,0,0,1,0,0,0,0,0,0,0,0,0,0,1,2,0,0,0,1,0,0,1,0,4
632,0,3,0,0,0,1,0,0,0,0,0,0,0,0,0,0,0,1,0,0,0,0,1,0,0,0,1,4
633,1,1,0,0,0,0,0,1,0,0,0,0,0,1,0,0,0,0,2,0,0,1,0,1,0,0,0,3
634,0,1,0,0,0,1,0,0,0,0,0,0,0,0,0,0,0,1,0,0,1,0,0,1,0,0,0,3
635,0,3,1,3,2,1,0,0,0,0,0,0,0,0,0,1,0,0,2,1,0,0,0,1,0,0,0,2
636,1,2,1,0,0,1,0,0,0,0,0,0,0,0,0,1,0,0,1,0,1,0,0,0,1,0,0,3
637,0,3,0,0,0,1,0,0,0,0,0,0,0,0,0,0,0,1,1,0,0,1,0,0,0,0,1,3
638,0,2,0,1,1,1,0,0,0,0,0,0,0,1,0,0,0,0,2,0,0,1,0,0,1,0,0,3
639,0,3,1,0,5,1,0,0,0,0,0,0,0,0,0,0,1,0,3,0,0,0,1,0,0,0,1,4
640,0,3,0,1,0,1,0,0,0,0,0,0,0,0,0,0,0,1,2,0,1,0,0,0,0,1,0,3
641,0,3,0,0,0,1,0,0,0,0,0,0,0,0,0,0,0,1,0,1,0,0,0,0,1,0,0,3
642,1,1,1,0,0,0,0,1,0,0,0,0,0,0,0,1,0,0,3,0,1,0,0,1,0,0,0,3
643,0,3,1,3,2,1,0,0,0,0,0,0,0,0,0,1,0,0,2,1,0,0,0,1,0,0,0,1
644,1,3,0,0,0,1,0,0,0,0,0,0,0,0,0,0,0,1,3,0,1,0,0,0,0,1,0,3
645,1,3,1,2,1,1,0,0,0,0,0,0,0,0,0,1,0,0,2,1,0,0,0,1,0,0,0,1
646,1,1,0,1,0,0,0,0,0,1,0,0,0,0,0,0,0,1,3,0,0,0,1,0,1,0,0,4
647,0,3,0,0,0,1,0,0,0,0,0,0,0,0,0,0,0,1,0,1,0,0,0,0,1,0,0,3
648,1,1,0,0,0,0,1,0,0,0,0,0,0,1,0,0,0,0,3,0,0,0,1,0,1,0,0,4
649,0,3,0,0,0,1,0,0,0,0,0,0,0,0,0,0,0,1,0,0,1,0,0,0,0,1,0,3
650,1,3,1,0,0,1,0,0,0,0,0,0,0,0,0,1,0,0,0,0,1,0,0,0,0,1,0,3
651,0,3,0,0,0,1,0,0,0,0,0,0,0,0,0,0,0,1,0,0,1,0,0,0,0,1,0,3
652,1,2,1,0,1,1,0,0,0,0,0,0,0,0,0,1,0,0,2,1,0,0,0,1,0,0,0,3
653,0,3,0,0,0,1,0,0,0,0,0,0,0,0,0,0,0,1,1,1,0,0,0,0,1,0,0,3
654,1,3,1,0,0,1,0,0,0,0,0,0,0,0,0,1,0,0,0,0,1,0,0,0,0,1,0,3
655,0,3,1,0,0,1,0,0,0,0,0,0,0,0,0,1,0,0,0,1,0,0,0,0,1,0,0,3
656,0,2,0,2,0,1,0,0,0,0,0,0,0,0,0,0,0,1,3,0,1,0,0,0,1,0,0,3
657,0,3,0,0,0,1,0,0,0,0,0,0,0,0,0,0,0,1,0,0,1,0,0,0,0,1,0,3
658,0,3,1,1,1,1,0,0,0,0,0,0,0,0,0,0,1,0,2,0,0,1,0,0,0,0,1,3
659,0,2,0,0,0,1,0,0,0,0,0,0,0,0,0,0,0,1,1,0,1,0,0,0,1,0,0,3
660,0,1,0,0,2,0,0,0,0,1,0,0,0,0,0,0,0,1,4,0,0,0,1,0,1,0,0,4
661,1,1,0,2,0,1,0,0,0,0,0,0,0,1,0,0,0,0,4,0,0,0,1,0,1,0,0,4
662,0,3,0,0,0,1,0,0,0,0,0,0,0,0,0,0,0,1,0,0,0,0,1,0,0,0,1,4
663,0,1,0,0,0,0,0,0,0,0,1,0,0,1,0,0,0,0,2,0,0,0,1,0,1,0,0,4
664,0,3,0,0,0,1,0,0,0,0,0,0,0,1,0,0,0,0,0,0,0,0,1,0,0,0,1,4
665,1,3,0,1,0,1,0,0,0,0,0,0,0,0,0,0,0,1,1,1,0,0,0,0,1,0,0,3
666,0,2,0,2,0,1,0,0,0,0,0,0,0,0,0,0,0,1,3,0,0,1,0,0,0,1,0,3
667,0,2,0,0,0,1,0,0,0,0,0,0,0,0,0,0,0,1,1,0,1,0,0,0,1,0,0,3
668,0,3,0,0,0,1,0,0,0,0,0,0,0,0,0,0,0,1,0,0,1,0,0,0,0,1,0,3
669,0,3,0,0,0,1,0,0,0,0,0,0,0,0,0,0,0,1,1,0,0,0,1,0,0,0,1,4
670,1,1,1,1,0,0,0,0,1,0,0,0,0,0,0,0,1,0,3,0,1,0,0,1,0,0,0,3
671,1,2,1,1,1,1,0,0,0,0,0,0,0,0,0,0,1,0,3,0,0,0,1,0,0,1,0,4
672,0,1,0,1,0,0,0,1,0,0,0,0,0,0,0,0,0,1,3,0,0,1,0,1,0,0,0,3
673,0,2,0,0,0,1,0,0,0,0,0,0,0,0,0,0,0,1,1,0,0,0,1,0,0,0,1,4
674,1,2,0,0,0,1,0,0,0,0,0,0,0,0,0,0,0,1,1,0,0,1,0,0,1,0,0,3
675,0,2,0,0,0,1,0,0,0,0,0,0,0,0,0,0,0,1,0,0,1,0,0,0,1,0,0,3
676,0,3,0,0,0,1,0,0,0,0,0,0,0,0,0,0,0,1,0,1,0,0,0,0,1,0,0,3
677,0,3,0,0,0,1,0,0,0,0,0,0,0,0,0,0,0,1,1,0,1,0,0,0,0,1,0,3
678,1,3,1,0,0,1,0,0,0,0,0,0,0,0,0,1,0,0,1,1,0,0,0,0,1,0,0,3
679,0,3,1,1,6,1,0,0,0,0,0,0,0,0,0,0,1,0,3,0,0,0,1,0,0,0,1,4
680,1,1,0,0,1,0,0,1,0,0,0,0,0,1,0,0,0,0,4,0,0,0,1,1,0,0,0,4
681,0,3,1,0,0,1,0,0,0,0,0,0,0,0,0,1,0,0,1,0,1,0,0,0,0,1,0,3
682,1,1,0,0,0,0,0,0,0,1,0,0,0,0,0,0,0,1,3,0,1,0,0,1,0,0,0,3
683,0,3,0,0,0,1,0,0,0,0,0,0,0,0,0,0,0,1,1,1,0,0,0,0,1,0,0,3
684,0,3,0,5,2,1,0,0,0,0,0,0,0,0,0,0,0,1,3,1,0,0,0,0,1,0,0,2
685,0,2,0,1,1,1,0,0,0,0,0,0,0,0,0,0,0,1,3,0,0,0,1,0,0,0,1,4
686,0,2,0,1,2,1,0,0,0,0,0,0,0,0,0,0,0,1,3,0,1,0,0,0,1,0,0,3
687,0,3,0,4,1,1,0,0,0,0,0,0,0,0,0,0,0,1,3,1,0,0,0,0,1,0,0,2
688,0,3,0,0,0,1,0,0,0,0,0,0,0,0,0,0,0,1,1,1,0,0,0,0,1,0,0,3
689,0,3,0,0,0,1,0,0,0,0,0,0,0,0,0,0,0,1,0,1,0,0,0,0,1,0,0,3
690,1,1,1,0,1,0,0,1,0,0,0,0,0,0,0,1,0,0,4,1,0,0,0,1,0,0,0,3
691,1,1,0,1,0,0,0,1,0,0,0,0,0,0,0,0,0,1,3,0,0,1,0,1,0,0,0,3
692,1,3,1,0,1,1,0,0,0,0,0,0,0,0,0,1,0,0,1,1,0,0,0,1,0,0,0,1
693,1,3,0,0,0,1,0,0,0,0,0,0,0,0,0,0,0,1,3,0,1,0,0,0,0,1,0,3
694,0,3,0,0,0,1,0,0,0,0,0,0,0,0,0,0,0,1,0,0,1,0,0,0,0,1,0,3
695,0,1,0,0,0,1,0,0,0,0,0,0,0,1,0,0,0,0,2,0,0,0,1,0,1,0,0,4
696,0,2,0,0,0,1,0,0,0,0,0,0,0,0,0,0,0,1,1,0,0,0,1,0,0,0,1,4
697,0,3,0,0,0,1,0,0,0,0,0,0,0,0,0,0,0,1,1,0,0,0,1,0,0,0,1,4
698,1,3,1,0,0,1,0,0,0,0,0,0,0,0,0,1,0,0,0,0,1,0,0,0,0,1,0,3
699,0,1,0,1,1,0,0,0,1,0,0,0,0,0,0,0,0,1,4,0,0,0,1,0,1,0,0,4
700,0,3,0,0,0,0,0,0,0,0,0,1,0,0,0,0,0,1,0,0,0,0,1,0,0,0,1,4
701,1,1,1,1,0,0,0,0,1,0,0,0,0,0,0,0,1,0,4,1,0,0,0,1,0,0,0,3
702,1,1,0,0,0,0,0,0,0,0,1,0,0,0,0,0,0,1,2,0,0,1,0,1,0,0,0,4
703,0,3,1,0,1,1,0,0,0,0,0,0,0,0,0,1,0,0,1,1,0,0,0,0,1,0,0,3
704,0,3,0,0,0,1,0,0,0,0,0,0,0,0,0,0,0,1,0,0,1,0,0,0,0,1,0,3
705,0,3,0,1,0,1,0,0,0,0,0,0,0,0,0,0,0,1,0,0,1,0,0,0,0,1,0,3
706,0,2,0,0,0,1,0,0,0,0,0,0,0,0,0,0,0,1,2,0,0,0,1,0,0,1,0,4
707,1,2,1,0,0,1,0,0,0,0,0,0,0,0,0,0,1,0,1,0,0,0,1,0,0,0,1,4
708,1,1,0,0,0,0,0,0,0,0,1,0,0,0,0,0,0,1,2,0,0,0,1,0,1,0,0,4
709,1,1,1,0,0,1,0,0,0,0,0,0,0,0,0,1,0,0,4,1,0,0,0,1,0,0,0,3
710,1,3,0,1,1,1,0,0,0,0,0,0,0,0,1,0,0,0,2,0,1,0,0,0,0,1,0,3
711,1,1,1,0,0,0,0,0,1,0,0,0,0,0,0,1,0,0,3,0,1,0,0,1,0,0,0,3
712,0,1,0,0,0,0,0,0,1,0,0,0,0,0,0,0,0,1,2,0,1,0,0,1,0,0,0,3
713,1,1,0,1,0,0,0,0,1,0,0,0,0,0,0,0,0,1,3,0,0,0,1,0,1,0,0,4
714,0,3,0,0,0,1,0,0,0,0,0,0,0,0,0,0,0,1,1,0,1,0,0,0,0,1,0,3
715,0,2,0,0,0,1,0,0,0,0,0,0,0,0,0,0,0,1,1,0,0,0,1,0,0,0,1,4
716,0,3,0,0,0,0,0,0,0,0,0,1,0,0,0,0,0,1,0,1,0,0,0,0,1,0,0,3
717,1,1,1,0,0,0,0,0,1,0,0,0,0,0,0,1,0,0,4,0,0,0,1,1,0,0,0,4
718,1,2,1,0,0,0,0,0,0,0,1,0,0,0,0,1,0,0,1,0,1,0,0,0,1,0,0,3
719,0,3,0,0,0,1,0,0,0,0,0,0,0,0,0,0,0,1,2,0,1,0,0,0,0,1,0,3
720,0,3,0,0,0,1,0,0,0,0,0,0,0,0,0,0,0,1,0,0,0,1,0,0,0,0,1,4
721,1,2,1,0,1,1,0,0,0,0,0,0,0,0,0,1,0,0,3,1,0,0,0,1,0,0,0,1
722,0,3,0,1,0,1,0,0,0,0,0,0,0,0,0,0,0,1,0,1,0,0,0,0,1,0,0,3
723,0,2,0,0,0,1,0,0,0,0,0,0,0,0,0,0,0,1,1,0,0,1,0,0,0,1,0,4
724,0,2,0,0,0,1,0,0,0,0,0,0,0,0,0,0,0,1,1,0,0,0,1,0,0,0,1,4
725,1,1,0,1,0,0,0,0,0,0,1,0,0,0,0,0,0,1,3,0,1,0,0,1,0,0,0,3
726,0,3,0,0,0,1,0,0,0,0,0,0,0,0,0,0,0,1,1,1,0,0,0,0,1,0,0,3
727,1,2,1,3,0,1,0,0,0,0,0,0,0,0,0,0,1,0,2,0,0,1,0,0,1,0,0,3
728,1,3,1,0,0,1,0,0,0,0,0,0,0,0,0,1,0,0,0,0,1,0,0,0,0,1,0,3
729,0,2,0,1,0,1,0,0,0,0,0,0,0,0,0,0,0,1,2,0,1,0,0,0,1,0,0,3
730,0,3,1,1,0,1,0,0,0,0,0,0,0,0,0,1,0,0,1,0,1,0,0,0,0,1,0,3
731,1,1,1,0,0,0,0,1,0,0,0,0,0,0,0,1,0,0,4,0,1,0,0,1,0,0,0,3
732,0,3,0,0,0,1,0,0,0,0,0,0,0,0,0,0,0,1,2,1,0,0,0,1,0,0,0,2
733,0,2,0,0,0,1,0,0,0,0,0,0,0,0,0,0,0,1,0,0,1,0,0,0,1,0,0,3
734,0,2,0,0,0,1,0,0,0,0,0,0,0,0,0,0,0,1,1,0,1,0,0,0,1,0,0,3
735,0,2,0,0,0,1,0,0,0,0,0,0,0,0,0,0,0,1,1,0,1,0,0,0,1,0,0,3
736,0,3,0,0,0,1,0,0,0,0,0,0,0,0,0,0,0,1,2,0,1,0,0,0,0,1,0,3
737,0,3,1,1,3,1,0,0,0,0,0,0,0,0,0,0,1,0,3,0,0,0,1,0,0,0,1,4
738,1,1,0,0,0,0,0,1,0,0,0,0,0,0,0,0,0,1,4,0,0,1,0,1,0,0,0,4
739,0,3,0,0,0,1,0,0,0,0,0,0,0,0,0,0,0,1,0,0,1,0,0,0,0,1,0,3
740,0,3,0,0,0,1,0,0,0,0,0,0,0,0,0,0,0,1,0,0,1,0,0,0,0,1,0,3
741,1,1,0,0,0,0,0,0,0,1,0,0,0,0,0,0,0,1,2,0,1,0,0,1,0,0,0,3
742,0,1,0,1,0,0,0,0,1,0,0,0,0,0,0,0,0,1,3,0,0,0,1,1,0,0,0,4
743,1,1,1,2,2,0,0,1,0,0,0,0,0,0,0,1,0,0,4,1,0,0,0,1,0,0,0,3
744,0,3,0,1,0,1,0,0,0,0,0,0,0,0,0,0,0,1,2,0,1,0,0,0,0,1,0,3
745,1,3,0,0,0,1,0,0,0,0,0,0,0,0,0,0,0,1,1,0,0,1,0,0,0,0,1,3
746,0,1,0,1,1,0,0,1,0,0,0,0,0,1,0,0,0,0,3,0,0,0,1,0,0,1,0,4
747,0,3,0,1,1,1,0,0,0,0,0,0,0,0,0,0,0,1,2,1,0,0,0,0,1,0,0,3
748,1,2,1,0,0,1,0,0,0,0,0,0,0,0,0,1,0,0,1,0,0,1,0,0,1,0,0,3
749,0,1,0,1,0,0,0,0,0,1,0,0,0,0,0,0,0,1,3,1,0,0,0,1,0,0,0,3
750,0,3,0,0,0,1,0,0,0,0,0,0,0,0,0,0,0,1,0,0,0,1,0,0,0,0,1,3
751,1,2,1,1,1,1,0,0,0,0,0,0,0,0,0,1,0,0,2,1,0,0,0,1,0,0,0,1
752,1,3,0,0,1,0,0,0,0,0,1,0,0,0,1,0,0,0,1,1,0,0,0,1,0,0,0,1
753,0,3,0,0,0,1,0,0,0,0,0,0,0,0,0,0,0,1,1,0,0,1,0,0,0,0,1,4
754,0,3,0,0,0,1,0,0,0,0,0,0,0,0,0,0,0,1,0,0,1,0,0,0,0,1,0,3
755,1,2,1,1,2,1,0,0,0,0,0,0,0,0,0,0,1,0,3,0,0,0,1,0,0,0,1,4
756,1,2,0,1,1,1,0,0,0,0,0,0,0,0,1,0,0,0,1,1,0,0,0,1,0,0,0,1
757,0,3,0,0,0,1,0,0,0,0,0,0,0,0,0,0,0,1,0,0,1,0,0,0,0,1,0,3
758,0,2,0,0,0,1,0,0,0,0,0,0,0,0,0,0,0,1,1,1,0,0,0,1,0,0,0,3
759,0,3,0,0,0,1,0,0,0,0,0,0,0,0,0,0,0,1,1,0,0,1,0,0,0,0,1,4
760,1,1,1,0,0,0,0,1,0,0,0,0,0,1,0,0,0,0,3,0,0,1,0,1,0,0,0,4
761,0,3,0,0,0,1,0,0,0,0,0,0,0,0,0,0,0,1,1,0,1,0,0,0,0,1,0,3
762,0,3,0,0,0,1,0,0,0,0,0,0,0,0,0,0,0,1,0,0,0,0,1,0,0,0,1,4
763,1,3,0,0,0,1,0,0,0,0,0,0,0,0,0,0,0,1,0,1,0,0,0,0,1,0,0,3
764,1,1,1,1,2,0,0,1,0,0,0,0,0,0,0,0,1,0,4,0,0,0,1,1,0,0,0,4
765,0,3,0,0,0,1,0,0,0,0,0,0,0,0,0,0,0,1,0,1,0,0,0,0,1,0,0,3
766,1,1,1,1,0,0,0,0,0,1,0,0,0,0,0,0,1,0,3,0,0,0,1,0,1,0,0,4
767,0,1,0,0,0,1,0,0,0,0,0,0,0,1,0,0,0,0,3,0,1,0,0,1,0,0,0,3
768,0,3,1,0,0,1,0,0,0,0,0,0,0,0,0,1,0,0,0,0,0,1,0,0,0,0,1,3
769,0,3,0,1,0,1,0,0,0,0,0,0,0,0,0,0,0,1,2,0,1,0,0,0,0,1,0,3
770,0,3,0,0,0,1,0,0,0,0,0,0,0,0,0,0,0,1,1,0,0,1,0,0,0,0,1,3
771,0,3,0,0,0,1,0,0,0,0,0,0,0,0,0,0,0,1,1,0,1,0,0,0,0,1,0,3
772,0,3,0,0,0,1,0,0,0,0,0,0,0,0,0,0,0,1,0,0,0,0,1,0,0,0,1,4
773,0,2,1,0,0,0,0,0,0,0,1,0,0,0,0,0,1,0,1,0,0,0,1,0,0,0,1,4
774,0,3,0,0,0,1,0,0,0,0,0,0,0,0,0,0,0,1,0,0,1,0,0,0,0,1,0,3
775,1,2,1,1,3,1,0,0,0,0,0,0,0,0,0,0,1,0,2,0,0,0,1,0,0,0,1,4
776,0,3,0,0,0,1,0,0,0,0,0,0,0,0,0,0,0,1,0,1,0,0,0,0,1,0,0,3
777,0,3,0,0,0,0,0,0,0,0,0,1,0,0,0,0,0,1,0,0,1,0,0,0,0,1,0,3
778,1,3,1,0,0,1,0,0,0,0,0,0,0,0,0,1,0,0,1,1,0,0,0,1,0,0,0,1
779,0,3,0,0,0,1,0,0,0,0,0,0,0,0,0,0,0,1,0,0,1,0,0,0,0,1,0,3
780,1,1,1,0,1,0,0,1,0,0,0,0,0,0,0,0,1,0,4,0,0,0,1,0,1,0,0,4
781,1,3,1,0,0,1,0,0,0,0,0,0,0,0,0,1,0,0,0,1,0,0,0,1,0,0,0,2
782,1,1,1,1,0,0,0,1,0,0,0,0,0,0,0,0,1,0,3,1,0,0,0,1,0,0,0,3
783,0,1,0,0,0,0,0,0,0,1,0,0,0,0,0,0,0,1,2,0,1,0,0,1,0,0,0,3
784,0,3,0,1,2,1,0,0,0,0,0,0,0,0,0,0,0,1,2,0,1,0,0,0,0,1,0,3
785,0,3,0,0,0,1,0,0,0,0,0,0,0,0,0,0,0,1,0,0,1,0,0,0,0,1,0,3
786,0,3,0,0,0,1,0,0,0,0,0,0,0,0,0,0,0,1,0,0,1,0,0,0,0,1,0,3
787,1,3,1,0,0,1,0,0,0,0,0,0,0,0,0,1,0,0,0,1,0,0,0,0,1,0,0,3
788,0,3,0,4,1,1,0,0,0,0,0,0,0,0,1,0,0,0,2,1,0,0,0,1,0,0,0,2
789,1,3,0,1,2,1,0,0,0,0,0,0,0,0,1,0,0,0,2,1,0,0,0,1,0,0,0,1
790,0,1,0,0,0,0,0,1,0,0,0,0,0,0,0,0,0,1,3,0,0,0,1,0,1,0,0,4
791,0,3,0,0,0,1,0,0,0,0,0,0,0,0,0,0,0,1,0,0,1,0,0,0,0,1,0,3
792,0,2,0,0,0,1,0,0,0,0,0,0,0,0,0,0,0,1,2,1,0,0,0,1,0,0,0,3
793,0,3,1,8,2,1,0,0,0,0,0,0,0,0,0,1,0,0,3,0,1,0,0,0,0,1,0,3
794,0,1,0,0,0,1,0,0,0,0,0,0,0,0,0,0,0,1,2,0,1,0,0,1,0,0,0,3
795,0,3,0,0,0,1,0,0,0,0,0,0,0,0,0,0,0,1,0,0,1,0,0,0,0,1,0,3
796,0,2,0,0,0,1,0,0,0,0,0,0,0,0,0,0,0,1,1,0,0,0,1,0,0,1,0,4
797,1,1,1,0,0,0,0,0,0,1,0,0,0,1,0,0,0,0,2,0,0,0,1,0,1,0,0,4
798,1,3,1,0,0,1,0,0,0,0,0,0,0,0,0,0,1,0,1,0,0,1,0,0,0,0,1,3
799,0,3,0,0,0,1,0,0,0,0,0,0,0,0,0,0,0,1,0,0,0,1,0,0,0,0,1,3
800,0,3,1,1,1,1,0,0,0,0,0,0,0,0,0,0,1,0,2,0,0,1,0,0,0,0,1,3
801,0,2,0,0,0,1,0,0,0,0,0,0,0,0,0,0,0,1,1,0,0,1,0,0,0,1,0,4
802,1,2,1,1,1,1,0,0,0,0,0,0,0,1,0,0,0,0,2,0,0,1,0,0,1,0,0,3
803,1,1,0,1,2,0,0,1,0,0,0,0,0,0,1,0,0,0,4,1,0,0,0,1,0,0,0,2
804,1,3,0,0,1,1,0,0,0,0,0,0,0,0,1,0,0,0,1,1,0,0,0,1,0,0,0,1
805,1,3,0,0,0,1,0,0,0,0,0,0,0,0,0,0,0,1,0,0,1,0,0,0,0,1,0,3
806,0,3,0,0,0,1,0,0,0,0,0,0,0,0,0,0,0,1,0,0,0,1,0,0,0,0,1,3
807,0,1,0,0,0,0,1,0,0,0,0,0,0,0,0,0,0,1,0,0,0,0,1,1,0,0,0,4
808,0,3,1,0,0,1,0,0,0,0,0,0,0,0,0,1,0,0,0,1,0,0,0,0,1,0,0,3
809,0,2,0,0,0,1,0,0,0,0,0,0,0,0,0,0,0,1,1,0,0,0,1,0,0,1,0,4
810,1,1,1,1,0,0,0,0,0,0,1,0,0,0,0,0,1,0,3,0,0,1,0,1,0,0,0,4
811,0,3,0,0,0,1,0,0,0,0,0,0,0,0,0,0,0,1,0,0,1,0,0,0,0,1,0,3
812,0,3,0,0,0,1,0,0,0,0,0,0,0,0,0,0,0,1,2,0,0,0,1,0,0,0,1,4
813,0,2,0,0,0,1,0,0,0,0,0,0,0,0,0,0,0,1,1,0,0,1,0,0,0,1,0,4
814,0,3,1,4,2,1,0,0,0,0,0,0,0,0,0,1,0,0,2,1,0,0,0,1,0,0,0,1
815,0,3,0,0,0,1,0,0,0,0,0,0,0,0,0,0,0,1,1,0,0,1,0,0,0,0,1,3
816,0,1,0,0,0,0,0,1,0,0,0,0,0,0,0,0,0,1,0,0,1,0,0,1,0,0,0,3
817,0,3,1,0,0,1,0,0,0,0,0,0,0,0,0,1,0,0,1,0,1,0,0,0,0,1,0,3
818,0,2,0,1,1,1,0,0,0,0,0,0,0,0,0,0,0,1,3,0,0,1,0,0,1,0,0,3
819,0,3,0,0,0,1,0,0,0,0,0,0,0,0,0,0,0,1,0,0,0,0,1,0,0,0,1,4
820,0,3,0,3,2,1,0,0,0,0,0,0,0,0,1,0,0,0,2,1,0,0,0,1,0,0,0,2
821,1,1,1,1,1,0,0,1,0,0,0,0,0,0,0,0,1,0,3,0,0,0,1,0,1,0,0,4
822,1,3,0,0,0,1,0,0,0,0,0,0,0,0,0,0,0,1,1,0,1,0,0,0,0,1,0,3
823,0,1,0,0,0,1,0,0,0,0,0,0,0,1,0,0,0,0,0,0,0,0,1,1,0,0,0,4
824,1,3,1,0,1,0,0,0,0,0,1,0,0,0,0,0,1,0,1,0,1,0,0,0,0,1,0,3
825,0,3,0,4,1,1,0,0,0,0,0,0,0,0,1,0,0,0,3,1,0,0,0,1,0,0,0,1
826,0,3,0,0,0,1,0,0,0,0,0,0,0,0,0,0,0,1,0,0,1,0,0,0,0,1,0,3
827,0,3,0,0,0,1,0,0,0,0,0,0,0,0,0,0,0,1,3,0,1,0,0,0,0,1,0,3
828,1,2,0,0,2,1,0,0,0,0,0,0,0,0,1,0,0,0,3,1,0,0,0,1,0,0,0,1
829,1,3,0,0,0,1,0,0,0,0,0,0,0,0,0,0,0,1,0,0,1,0,0,0,0,1,0,3
830,1,1,1,0,0,0,0,1,0,0,0,0,0,0,0,0,1,0,3,0,0,0,1,0,1,0,0,4
831,1,3,1,1,0,1,0,0,0,0,0,0,0,0,0,0,1,0,1,1,0,0,0,0,1,0,0,3
832,1,2,0,1,1,1,0,0,0,0,0,0,0,0,1,0,0,0,2,1,0,0,0,1,0,0,0,1
833,0,3,0,0,0,1,0,0,0,0,0,0,0,0,0,0,0,1,0,0,1,0,0,0,0,1,0,3
834,0,3,0,0,0,1,0,0,0,0,0,0,0,0,0,0,0,1,0,0,1,0,0,0,0,1,0,3
835,0,3,0,0,0,1,0,0,0,0,0,0,0,0,0,0,0,1,1,1,0,0,0,0,1,0,0,3
836,1,1,1,1,1,0,0,0,0,0,1,0,0,0,0,1,0,0,3,0,0,0,1,1,0,0,0,4
837,0,3,0,0,0,1,0,0,0,0,0,0,0,0,0,0,0,1,1,1,0,0,0,0,1,0,0,3
838,0,3,0,0,0,1,0,0,0,0,0,0,0,1,0,0,0,0,1,0,1,0,0,0,0,1,0,3
839,1,3,0,0,0,1,0,0,0,0,0,0,0,0,0,0,0,1,3,0,0,1,0,0,0,0,1,3
840,1,1,0,0,0,0,0,0,1,0,0,0,0,0,0,0,0,1,2,0,1,0,0,1,0,0,0,3
841,0,3,0,0,0,1,0,0,0,0,0,0,0,0,0,0,0,1,1,1,0,0,0,0,1,0,0,3
842,0,2,0,0,0,1,0,0,0,0,0,0,0,0,0,0,0,1,1,1,0,0,0,1,0,0,0,3
843,1,1,1,0,0,1,0,0,0,0,0,0,0,0,0,1,0,0,2,0,0,1,0,1,0,0,0,3
844,0,3,0,0,0,1,0,0,0,0,0,0,0,0,0,0,0,1,0,0,0,1,0,0,0,0,1,4
845,0,3,0,0,0,1,0,0,0,0,0,0,0,0,0,0,0,1,1,1,0,0,0,0,1,0,0,3
846,0,3,0,0,0,1,0,0,0,0,0,0,0,0,0,0,0,1,0,0,0,0,1,0,0,0,1,4
847,0,3,0,8,2,1,0,0,0,0,0,0,0,0,0,0,0,1,3,0,1,0,0,0,0,1,0,3
848,0,3,0,0,0,1,0,0,0,0,0,0,0,0,0,0,0,1,0,0,0,1,0,0,0,0,1,4
849,0,2,0,0,1,1,0,0,0,0,0,0,0,1,0,0,0,0,3,0,1,0,0,0,1,0,0,3
850,1,1,1,1,0,0,0,0,1,0,0,0,0,0,0,0,1,0,3,0,1,0,0,1,0,0,0,3
851,0,3,0,4,2,1,0,0,0,0,0,0,0,0,1,0,0,0,2,1,0,0,0,1,0,0,0,1
852,0,3,0,0,0,1,0,0,0,0,0,0,0,0,0,0,0,1,0,0,0,0,1,0,0,0,1,4
853,0,3,1,1,1,1,0,0,0,0,0,0,0,0,0,1,0,0,2,1,0,0,0,1,0,0,0,2
854,1,1,1,0,1,0,0,0,0,1,0,0,0,0,0,1,0,0,3,1,0,0,0,1,0,0,0,3
855,0,2,1,1,0,1,0,0,0,0,0,0,0,0,0,0,1,0,2,0,0,0,1,0,0,1,0,4
856,1,3,1,0,1,1,0,0,0,0,0,0,0,0,0,0,1,0,1,1,0,0,0,0,1,0,0,3
857,1,1,1,1,1,1,0,0,0,0,0,0,0,0,0,0,1,0,4,0,0,0,1,0,1,0,0,4
858,1,1,0,0,0,0,0,0,0,0,1,0,0,0,0,0,0,1,2,0,0,0,1,0,1,0,0,4
859,1,3,1,0,3,1,0,0,0,0,0,0,0,0,0,0,1,0,2,0,1,0,0,0,0,1,0,3
860,0,3,0,0,0,1,0,0,0,0,0,0,0,0,0,0,0,1,0,0,1,0,0,0,0,1,0,3
861,0,3,0,2,0,1,0,0,0,0,0,0,0,0,0,0,0,1,1,0,0,0,1,0,0,0,1,4
862,0,2,0,1,0,1,0,0,0,0,0,0,0,0,0,0,0,1,1,1,0,0,0,0,1,0,0,3
863,1,1,1,0,0,0,0,0,0,1,0,0,0,0,0,0,1,0,2,0,0,0,1,0,1,0,0,4
864,0,3,1,8,2,1,0,0,0,0,0,0,0,0,0,1,0,0,3,0,1,0,0,0,0,1,0,3
865,0,2,0,0,0,1,0,0,0,0,0,0,0,0,0,0,0,1,1,0,1,0,0,0,1,0,0,3
866,1,2,1,0,0,1,0,0,0,0,0,0,0,0,0,0,1,0,1,0,0,0,1,0,0,1,0,4
867,1,2,1,1,0,1,0,0,0,0,0,0,0,0,0,1,0,0,1,0,1,0,0,0,1,0,0,3
868,0,1,0,0,0,0,1,0,0,0,0,0,0,0,0,0,0,1,3,0,0,1,0,1,0,0,0,3
869,0,3,0,0,0,1,0,0,0,0,0,0,0,0,0,0,0,1,1,0,1,0,0,0,0,1,0,3
870,1,3,0,1,1,1,0,0,0,0,0,0,0,0,1,0,0,0,1,1,0,0,0,1,0,0,0,1
871,0,3,0,0,0,1,0,0,0,0,0,0,0,0,0,0,0,1,0,0,1,0,0,0,0,1,0,3
872,1,1,1,1,1,0,0,0,0,1,0,0,0,0,0,0,1,0,3,0,0,0,1,0,1,0,0,4
873,0,1,0,0,0,0,0,1,0,0,0,0,0,0,0,0,0,1,0,0,0,1,0,1,0,0,0,4
874,0,3,0,0,0,1,0,0,0,0,0,0,0,0,0,0,0,1,1,0,0,0,1,0,0,0,1,4
875,1,2,1,1,0,1,0,0,0,0,0,0,0,0,0,0,1,0,2,0,1,0,0,0,1,0,0,3
876,1,3,1,0,0,1,0,0,0,0,0,0,0,0,0,1,0,0,0,1,0,0,0,0,1,0,0,3
877,0,3,0,0,0,1,0,0,0,0,0,0,0,0,0,0,0,1,1,1,0,0,0,0,1,0,0,3
878,0,3,0,0,0,1,0,0,0,0,0,0,0,0,0,0,0,1,0,1,0,0,0,0,1,0,0,3
879,0,3,0,0,0,1,0,0,0,0,0,0,0,0,0,0,0,1,0,0,1,0,0,0,0,1,0,3
880,1,1,1,0,1,0,0,0,1,0,0,0,0,0,0,0,1,0,3,0,0,0,1,0,1,0,0,4
881,1,2,1,0,1,1,0,0,0,0,0,0,0,0,0,0,1,0,2,0,1,0,0,0,1,0,0,3
882,0,3,0,0,0,1,0,0,0,0,0,0,0,0,0,0,0,1,0,0,0,1,0,0,0,0,1,4
883,0,3,1,0,0,1,0,0,0,0,0,0,0,0,0,1,0,0,1,1,0,0,0,0,0,1,0,3
884,0,2,0,0,0,1,0,0,0,0,0,0,0,0,0,0,0,1,1,0,1,0,0,0,1,0,0,3
885,0,3,0,0,0,1,0,0,0,0,0,0,0,0,0,0,0,1,0,0,1,0,0,0,0,1,0,3
886,0,3,1,0,5,1,0,0,0,0,0,0,0,0,0,0,1,0,2,0,0,0,1,0,0,0,1,4
887,0,2,0,0,0,1,0,0,0,0,0,0,0,1,0,0,0,0,1,0,1,0,0,0,1,0,0,3
888,1,1,1,0,0,0,0,1,0,0,0,0,0,0,0,1,0,0,2,1,0,0,0,1,0,0,0,3
889,0,3,1,1,2,1,0,0,0,0,0,0,0,0,0,1,0,0,2,0,1,0,0,0,0,1,0,3
890,1,1,0,0,0,0,0,0,1,0,0,0,0,0,0,0,0,1,2,0,1,0,0,1,0,0,0,3
891,0,3,0,0,0,1,0,0,0,0,0,0,0,0,0,0,0,1,0,0,0,1,0,0,0,0,1,3
